model,nct_id,term,estimate,std.error,statistic,p.value
as,NCT01957163,(Intercept),-5.533e-02,1.114e-01,-0.4967973948370432,0.6195398917276927
as,NCT01957163,age10,2.882e-02,1.685e-02,1.7109141680758309,0.08768766832818195
as,NCT01957163,male,-4.820e-02,2.727e-02,-1.7672786790469328,0.07776245904068146
as,NCT02119286,(Intercept),1.482e-01,1.096e-01,1.3520065960744894,0.17692889841439302
as,NCT02119286,age10,1.398e-03,1.721e-02,0.08126554809589939,0.9352603350173534
as,NCT02119286,male,-5.118e-02,2.904e-02,-1.762242684286717,0.07858373144338793
as,NCT02236611,(Intercept),1.154e-01,1.009e-01,1.144496377549534,0.2527279774236886
as,NCT02236611,age10,1.099e-02,1.504e-02,0.7304497758023584,0.46530905709066994
as,NCT02236611,male,-4.447e-02,2.581e-02,-1.7230502304454458,0.08522954267257654
as,NCT00428090,(Intercept),1.690e-02,1.909e-01,0.08853503270060416,0.9295214816736797
as,NCT00428090,age10,1.229e-02,2.528e-02,0.4862547593985736,0.6272074629636842
as,NCT00428090,male,-2.692e-02,3.842e-02,-0.7006058400282923,0.4841928374215164
as,NCT01181895,(Intercept),1.615e-02,3.304e-02,0.48866954912493993,0.6260144127195557
as,NCT01181895,age10,-6.458e-04,6.080e-03,-0.10622553538298116,0.9155901101123364
as,NCT01181895,male,-1.303e-02,1.836e-02,-0.7099187611136629,0.479204137882867
as,NCT01316900,(Intercept),-0.000e+00,0.000e+00,NA,NA
as,NCT01316900,age10,-0.000e+00,0.000e+00,NA,NA
as,NCT01316900,male,-0.000e+00,0.000e+00,NA,NA
as,NCT01159912,(Intercept),1.484e-02,2.246e-02,0.6605819941488891,0.5099582112370038
as,NCT01159912,age10,-3.191e-03,4.471e-03,-0.7135276571432028,0.4766986666735309
as,NCT01159912,male,1.941e-02,1.484e-02,1.3080666922658755,0.1929791801917883
as,NCT01436110,(Intercept),-0.000e+00,0.000e+00,NA,NA
as,NCT01436110,age10,0.000e+00,0.000e+00,NA,NA
as,NCT01436110,male,0.000e+00,0.000e+00,NA,NA
as,NCT01691521,(Intercept),-0.000e+00,0.000e+00,NA,NA
as,NCT01691521,age10,-0.000e+00,0.000e+00,NA,NA
as,NCT01691521,male,0.000e+00,0.000e+00,NA,NA
as,NCT00289198,(Intercept),3.293e-01,1.162e-01,2.8340175426827066,0.00523015663599263
as,NCT00289198,age10,-2.414e-03,2.373e-02,-0.10172445773695366,0.9191112417740548
as,NCT00289198,male,8.645e-02,8.136e-02,1.062531348796014,0.2897021700792232
as,NCT01772134,(Intercept),2.775e-01,1.227e-01,2.260799042534874,0.024144033973459798
as,NCT01772134,age10,-1.339e-02,1.953e-02,-0.6854227250473791,0.49335295953431335
as,NCT01772134,male,-1.205e-02,3.416e-02,-0.3526591482676557,0.7244729952322887
as,NCT00123903,(Intercept),5.051e-01,2.214e-01,2.2811067998753862,0.023747289410796093
as,NCT00123903,age10,1.368e-02,3.655e-02,0.3741967707740095,0.708710928899372
as,NCT00123903,male,-7.423e-02,7.530e-02,-0.9857771347398243,0.3256034452152493
as,NCT00273052,(Intercept),9.504e-02,8.314e-02,1.1431392808733225,0.25383793825445267
as,NCT00273052,age10,-1.296e-03,1.471e-02,-0.08808645283278263,0.9298632347621076
as,NCT00273052,male,-3.840e-02,2.952e-02,-1.3004608828378856,0.19438177330579445
as,NCT00115622,(Intercept),-0.000e+00,0.000e+00,NA,NA
as,NCT00115622,age10,0.000e+00,0.000e+00,NA,NA
as,NCT00115622,male,0.000e+00,0.000e+00,NA,NA
as,NCT00117325,(Intercept),9.673e-02,3.921e-02,2.46677143839618,0.014474739518142186
as,NCT00117325,age10,-1.441e-02,7.597e-03,-1.8968446735405622,0.05928953650728524
as,NCT00117325,male,9.875e-03,2.656e-02,0.3717890056051769,0.7104435499187547
as,NCT00118703,(Intercept),4.246e-03,2.105e-02,0.20166284186637148,0.8404413666187531
as,NCT00118703,age10,8.273e-04,4.291e-03,0.1928214772596278,0.8473479887261898
as,NCT00118703,male,-8.557e-03,1.526e-02,-0.5606714071655696,0.5758208154473214
as,NCT00609674,(Intercept),-0.000e+00,0.000e+00,NA,NA
as,NCT00609674,age10,-0.000e+00,0.000e+00,NA,NA
as,NCT00609674,male,0.000e+00,0.000e+00,NA,NA
as,NCT01916226,(Intercept),-0.000e+00,0.000e+00,NA,NA
as,NCT01916226,age10,-0.000e+00,0.000e+00,NA,NA
as,NCT01916226,male,0.000e+00,0.000e+00,NA,NA
as,NCT00118729,(Intercept),-0.000e+00,0.000e+00,NA,NA
as,NCT00118729,age10,0.000e+00,0.000e+00,NA,NA
as,NCT00118729,male,-0.000e+00,0.000e+00,NA,NA
cc,NCT01957163,(Intercept),7.254e-02,2.747e-02,2.6405469008604454,0.008523193186273115
cc,NCT01957163,como_ct,1.521e-02,1.156e-02,1.315550415801421,0.18889810516547043
cc,NCT02119286,(Intercept),6.377e-02,2.847e-02,2.24014504877632,0.025479361631163457
cc,NCT02119286,como_ct,3.002e-02,1.183e-02,2.538553960816226,0.011405242093294535
cc,NCT02236611,(Intercept),1.025e-01,2.549e-02,4.022367144774025,6.254112996744061e-5
cc,NCT02236611,como_ct,3.155e-02,1.272e-02,2.4798535720124995,0.013328942604854484
cc,NCT00428090,(Intercept),6.795e-02,4.120e-02,1.649343794747247,0.1003133693277752
cc,NCT00428090,como_ct,1.740e-02,2.153e-02,0.8080909117516832,0.419794419034471
cc,NCT01181895,(Intercept),-2.246e-02,1.732e-02,-1.2969542732037704,0.19724302859441784
cc,NCT01181895,como_ct,2.199e-02,1.073e-02,2.049939276213095,0.04264443493022542
cc,NCT01316900,(Intercept),-0.000e+00,0.000e+00,NA,NA
cc,NCT01316900,como_ct,0.000e+00,0.000e+00,NA,NA
cc,NCT01159912,(Intercept),1.457e-02,1.537e-02,0.9482528509958522,0.34461172492595626
cc,NCT01159912,como_ct,-5.464e-03,9.815e-03,-0.556751673971967,0.5785735084323769
cc,NCT01436110,(Intercept),-0.000e+00,0.000e+00,NA,NA
cc,NCT01436110,como_ct,0.000e+00,0.000e+00,NA,NA
cc,NCT01691521,(Intercept),-0.000e+00,0.000e+00,NA,NA
cc,NCT01691521,como_ct,0.000e+00,0.000e+00,NA,NA
cc,NCT00289198,(Intercept),4.061e-01,8.216e-02,4.9426834605863705,2.0260464904746176e-6
cc,NCT00289198,como_ct,-3.521e-02,4.796e-02,-0.7341510246625865,0.4639951538838242
cc,NCT01772134,(Intercept),1.361e-01,3.305e-02,4.119113651351395,4.3597502966549455e-5
cc,NCT01772134,como_ct,2.237e-02,1.326e-02,1.6875759509003703,0.09203308626665867
cc,NCT00123903,(Intercept),4.419e-01,6.891e-02,6.4123771384251915,1.2758221190057851e-9
cc,NCT00123903,como_ct,5.526e-02,3.110e-02,1.7770165257496124,0.07729275408968116
cc,NCT00273052,(Intercept),4.434e-02,2.501e-02,1.7728820303894546,0.07719949143361904
cc,NCT00273052,como_ct,1.848e-02,1.397e-02,1.3228895353539107,0.18681666453906842
cc,NCT00115622,(Intercept),-0.000e+00,0.000e+00,NA,NA
cc,NCT00115622,como_ct,0.000e+00,0.000e+00,NA,NA
cc,NCT00117325,(Intercept),4.526e-02,2.372e-02,1.9079258787330167,0.05782610225725822
cc,NCT00117325,como_ct,-9.660e-03,1.261e-02,-0.7658252009956117,0.44467868896142226
cc,NCT00118703,(Intercept),1.397e-02,1.291e-02,1.0821202113186386,0.28084788073114486
cc,NCT00118703,como_ct,-4.786e-03,7.000e-03,-0.6837148453468259,0.49515672905023655
cc,NCT00609674,(Intercept),-0.000e+00,0.000e+00,NA,NA
cc,NCT00609674,como_ct,-0.000e+00,0.000e+00,NA,NA
cc,NCT01916226,(Intercept),-0.000e+00,0.000e+00,NA,NA
cc,NCT01916226,como_ct,0.000e+00,0.000e+00,NA,NA
cc,NCT00118729,(Intercept),-0.000e+00,0.000e+00,NA,NA
cc,NCT00118729,como_ct,0.000e+00,0.000e+00,NA,NA
eth,NCT01957163,(Intercept),1.018e-01,1.354e-02,7.514162433856279,2.492643402049393e-13
eth,NCT01957163,black,9.824e-02,8.020e-02,1.2249932903439973,0.22112811552229214
eth,NCT01957163,asian,  NA,  NA,NA,NA
eth,NCT01957163,nativ,-1.018e-01,3.064e-01,-0.3320822007448221,0.7399599802876367
eth,NCT01957163,other,-1.018e-01,3.064e-01,-0.33208220074480854,0.7399599802876469
eth,NCT02119286,(Intercept),1.352e-01,1.505e-02,8.98925800372533,3.988709386757354e-18
eth,NCT02119286,black,-1.760e-02,8.200e-02,-0.21461625681081015,0.8301460667628596
eth,NCT02119286,asian,-9.358e-02,5.028e-02,-1.8613045807958897,0.06323445665330364
eth,NCT02119286,nativ,  NA,  NA,NA,NA
eth,NCT02119286,other,  NA,  NA,NA,NA
eth,NCT02236611,(Intercept),1.576e-01,1.226e-02,12.852669648476434,8.803591007859932e-35
eth,NCT02236611,black,  NA,  NA,NA,NA
eth,NCT02236611,asian,-1.576e-01,2.106e-01,-0.7483113579589484,0.4544716369221562
eth,NCT02236611,nativ,  NA,  NA,NA,NA
eth,NCT02236611,other,8.424e-01,3.644e-01,2.3119956187257786,0.021007208324179905
eth,NCT00428090,(Intercept),1.014e-01,2.063e-02,4.918655066289662,1.5771991680790905e-6
eth,NCT00428090,black,-1.014e-01,2.108e-01,-0.4811585665196873,0.63082298273882
eth,NCT00428090,asian,-5.145e-02,5.125e-02,-1.0038254442036891,0.3164294984545241
eth,NCT00428090,nativ,-1.014e-01,2.975e-01,-0.3410473663043878,0.7333532304590871
eth,NCT00428090,other,2.319e-01,1.229e-01,1.8869228066385613,0.060324756413986554
eth,NCT01181895,(Intercept),1.064e-02,9.609e-03,1.1071614388213236,0.2705548229276086
eth,NCT01181895,black,-1.064e-02,3.650e-02,-0.29147363994888603,0.7712187958859016
eth,NCT01181895,asian,  NA,  NA,NA,NA
eth,NCT01181895,nativ,-1.064e-02,2.519e-02,-0.42225480486858236,0.6736343435134975
eth,NCT01181895,other,  NA,  NA,NA,NA
eth,NCT01316900,(Intercept),-0.000e+00,0.000e+00,NA,NA
eth,NCT01316900,black,-0.000e+00,0.000e+00,NA,NA
eth,NCT01316900,asian,-0.000e+00,0.000e+00,NA,NA
eth,NCT01316900,nativ,0.000e+00,0.000e+00,NA,NA
eth,NCT01316900,other,-0.000e+00,0.000e+00,NA,NA
eth,NCT01159912,(Intercept),9.346e-03,8.132e-03,1.1492409307804576,0.2524162263781709
eth,NCT01159912,black,-9.346e-03,1.656e-02,-0.5643401995537177,0.5734256458702858
eth,NCT01159912,asian,-9.346e-03,6.003e-02,-0.15567283483074704,0.8765151459283476
eth,NCT01159912,nativ,  NA,  NA,NA,NA
eth,NCT01159912,other,-9.346e-03,8.451e-02,-0.11058576012497223,0.9121032125580466
eth,NCT01436110,(Intercept),-0.000e+00,0.000e+00,NA,NA
eth,NCT01436110,black,0.000e+00,0.000e+00,NA,NA
eth,NCT01436110,asian,0.000e+00,0.000e+00,NA,NA
eth,NCT01436110,nativ,0.000e+00,0.000e+00,NA,NA
eth,NCT01436110,other,0.000e+00,0.000e+00,NA,NA
eth,NCT01691521,(Intercept),-0.000e+00,0.000e+00,NA,NA
eth,NCT01691521,black,0.000e+00,0.000e+00,NA,NA
eth,NCT01691521,asian,0.000e+00,0.000e+00,NA,NA
eth,NCT01691521,nativ,0.000e+00,0.000e+00,NA,NA
eth,NCT01691521,other,0.000e+00,0.000e+00,NA,NA
eth,NCT00289198,(Intercept),3.333e-01,4.023e-02,8.286665865644114,6.046137185112508e-14
eth,NCT00289198,black,  NA,  NA,NA,NA
eth,NCT00289198,asian,2.222e-01,1.642e-01,1.3532068693177792,0.1780254232291354
eth,NCT00289198,nativ,  NA,  NA,NA,NA
eth,NCT00289198,other,3.333e-01,2.787e-01,1.1960771920535271,0.2335536915138847
eth,NCT01772134,(Intercept),1.932e-01,1.692e-02,11.419183448692888,2.3402879261426757e-27
eth,NCT01772134,black,-3.934e-02,1.091e-01,-0.36043614294539644,0.7186535969841542
eth,NCT01772134,asian,-1.098e-01,6.696e-02,-1.6404937121853185,0.10145038634412006
eth,NCT01772134,nativ,-1.932e-01,3.891e-01,-0.49648623689968874,0.61974146982324
eth,NCT01772134,other,-1.932e-01,3.891e-01,-0.49648623689969934,0.6197414698232324
eth,NCT00123903,(Intercept),5.649e-01,4.355e-02,12.971403406281825,2.1439032840238355e-27
eth,NCT00123903,black,6.543e-03,1.038e-01,0.06305055446558655,0.9497982054473684
eth,NCT00123903,asian,-1.965e-01,1.224e-01,-1.60561595596219,0.1101613150108479
eth,NCT00123903,nativ,  NA,  NA,NA,NA
eth,NCT00123903,other,  NA,  NA,NA,NA
eth,NCT00273052,(Intercept),6.897e-02,1.519e-02,4.541594922697745,7.943243914788415e-6
eth,NCT00273052,black,4.215e-02,6.281e-02,0.6709489383686674,0.5027416255389676
eth,NCT00273052,asian,-6.897e-02,9.891e-02,-0.6972350180155897,0.48616674527171977
eth,NCT00273052,nativ,-6.897e-02,1.835e-01,-0.37586507016712895,0.707268614016699
eth,NCT00273052,other,1.310e-01,1.166e-01,1.1234040644939094,0.2621159739749636
eth,NCT00115622,(Intercept),-0.000e+00,0.000e+00,NA,NA
eth,NCT00115622,black,0.000e+00,0.000e+00,NA,NA
eth,NCT00115622,asian,  NA,  NA,NA,NA
eth,NCT00115622,nativ,0.000e+00,0.000e+00,NA,NA
eth,NCT00115622,other,0.000e+00,0.000e+00,NA,NA
eth,NCT00117325,(Intercept),2.618e-02,1.228e-02,2.1318440351145673,0.034252134276708264
eth,NCT00117325,black,1.405e-01,7.036e-02,1.9966528487315507,0.04723266726238869
eth,NCT00117325,asian,-2.618e-02,1.701e-01,-0.15385259094296222,0.8778826624006175
eth,NCT00117325,nativ,-2.618e-02,1.701e-01,-0.15385259094296244,0.8778826624006173
eth,NCT00117325,other,-2.618e-02,8.574e-02,-0.30532904453555665,0.760436296836943
eth,NCT00118703,(Intercept),6.494e-03,6.410e-03,1.0129875571050577,0.3126246940923048
eth,NCT00118703,black,-6.494e-03,3.615e-02,-0.17963483144487433,0.8576708907212244
eth,NCT00118703,asian,  NA,  NA,NA,NA
eth,NCT00118703,nativ,  NA,  NA,NA,NA
eth,NCT00118703,other,-6.494e-03,7.981e-02,-0.0813651185804509,0.9352552210895886
eth,NCT00609674,(Intercept),-0.000e+00,0.000e+00,NA,NA
eth,NCT00609674,black,0.000e+00,0.000e+00,NA,NA
eth,NCT00609674,asian,0.000e+00,0.000e+00,NA,NA
eth,NCT00609674,nativ,0.000e+00,0.000e+00,NA,NA
eth,NCT00609674,other,0.000e+00,0.000e+00,NA,NA
eth,NCT01916226,(Intercept),-0.000e+00,0.000e+00,NA,NA
eth,NCT01916226,black,-0.000e+00,0.000e+00,NA,NA
eth,NCT01916226,asian,0.000e+00,0.000e+00,NA,NA
eth,NCT01916226,nativ,0.000e+00,0.000e+00,NA,NA
eth,NCT01916226,other,0.000e+00,0.000e+00,NA,NA
eth,NCT00118729,(Intercept),-0.000e+00,0.000e+00,NA,NA
eth,NCT00118729,black,-0.000e+00,0.000e+00,NA,NA
eth,NCT00118729,asian,0.000e+00,0.000e+00,NA,NA
eth,NCT00118729,nativ,  NA,  NA,NA,NA
eth,NCT00118729,other,  NA,  NA,NA,NA
asc,NCT01957163,(Intercept),-7.293e-02,1.128e-01,-0.6465966332300311,0.5181761442152962
asc,NCT01957163,age10,2.752e-02,1.690e-02,1.6286429653022576,0.1039896492591614
asc,NCT01957163,male,-4.460e-02,2.752e-02,-1.6207039501052272,0.10568271983005068
asc,NCT01957163,como_ct,1.151e-02,1.166e-02,0.987106483302236,0.3240460087109792
asc,NCT02119286,(Intercept),1.021e-01,1.108e-01,0.9216085086731917,0.35713763031147316
asc,NCT02119286,age10,-1.331e-03,1.717e-02,-0.07750748921976211,0.9382480726135514
asc,NCT02119286,male,-4.514e-02,2.903e-02,-1.5552865665952516,0.12045408955405738
asc,NCT02119286,como_ct,2.861e-02,1.188e-02,2.4074172876575863,0.01639473392487653
asc,NCT02236611,(Intercept),9.369e-02,1.011e-01,0.9266773668103127,0.35434756694416547
asc,NCT02236611,age10,5.968e-03,1.518e-02,0.39323056143371943,0.6942442279170662
asc,NCT02236611,male,-3.841e-02,2.590e-02,-1.4832188001308368,0.13837351584736482
asc,NCT02236611,como_ct,2.875e-02,1.294e-02,2.2222106756006776,0.026522055143820566
asc,NCT00428090,(Intercept),-1.098e-02,1.945e-01,-0.05646778578126512,0.9550139037087619
asc,NCT00428090,age10,1.217e-02,2.531e-02,0.4809897975241031,0.6309410966001018
asc,NCT00428090,male,-2.539e-02,3.851e-02,-0.6594771187564015,0.5101916484052939
asc,NCT00428090,como_ct,1.652e-02,2.162e-02,0.7640218059213618,0.4455690090008484
asc,NCT01181895,(Intercept),-5.933e-03,3.440e-02,-0.1724487199671475,0.8633932584168975
asc,NCT01181895,age10,-2.718e-03,6.087e-03,-0.44648885363875324,0.656098634149213
asc,NCT01181895,male,-9.440e-03,1.820e-02,-0.5185812576102234,0.6050668071365297
asc,NCT01181895,como_ct,2.222e-02,1.103e-02,2.014093002026115,0.04637527846812278
asc,NCT01316900,(Intercept),-0.000e+00,0.000e+00,NA,NA
asc,NCT01316900,age10,-0.000e+00,0.000e+00,NA,NA
asc,NCT01316900,male,-0.000e+00,0.000e+00,NA,NA
asc,NCT01316900,como_ct,0.000e+00,0.000e+00,NA,NA
asc,NCT01159912,(Intercept),1.678e-02,2.552e-02,0.6576136783873658,0.5118661767285763
asc,NCT01159912,age10,-3.077e-03,4.541e-03,-0.6776882647156239,0.49908780424461563
asc,NCT01159912,male,1.895e-02,1.516e-02,1.249466006708137,0.2135795521050028
asc,NCT01159912,como_ct,-1.650e-03,1.015e-02,-0.16263863540543505,0.8710374808925322
asc,NCT01436110,(Intercept),-0.000e+00,0.000e+00,NA,NA
asc,NCT01436110,age10,0.000e+00,0.000e+00,NA,NA
asc,NCT01436110,male,0.000e+00,0.000e+00,NA,NA
asc,NCT01436110,como_ct,0.000e+00,0.000e+00,NA,NA
asc,NCT01691521,(Intercept),-0.000e+00,0.000e+00,NA,NA
asc,NCT01691521,age10,-0.000e+00,0.000e+00,NA,NA
asc,NCT01691521,male,0.000e+00,0.000e+00,NA,NA
asc,NCT01691521,como_ct,0.000e+00,0.000e+00,NA,NA
asc,NCT00289198,(Intercept),3.559e-01,1.194e-01,2.981201962138488,0.0033546003578749893
asc,NCT00289198,age10,8.031e-03,2.605e-02,0.30831215263547906,0.7582754301179153
asc,NCT00289198,male,9.288e-02,8.164e-02,1.1376673833727875,0.2570855082675373
asc,NCT00289198,como_ct,-5.209e-02,5.350e-02,-0.9737648009494112,0.33175154663211004
asc,NCT01772134,(Intercept),2.522e-01,1.234e-01,2.044366167288105,0.041372312845976075
asc,NCT01772134,age10,-1.809e-02,1.968e-02,-0.9195672862429982,0.3581845275985336
asc,NCT01772134,male,-6.154e-03,3.426e-02,-0.17965738156521777,0.8574848453869716
asc,NCT01772134,como_ct,2.368e-02,1.343e-02,1.7640544014974506,0.07825377548840935
asc,NCT00123903,(Intercept),4.638e-01,2.214e-01,2.095302876764961,0.03759160549482385
asc,NCT00123903,age10,3.347e-03,3.680e-02,0.09094819560551484,0.927638368385301
asc,NCT00123903,male,-7.848e-02,7.489e-02,-1.0479479385464125,0.2961160536481638
asc,NCT00123903,como_ct,5.571e-02,3.159e-02,1.7635706920567416,0.07955941119831612
asc,NCT00273052,(Intercept),7.406e-02,8.508e-02,0.8704698803479162,0.38470028837190673
asc,NCT00273052,age10,-2.205e-03,1.472e-02,-0.14976649895464114,0.8810437827467652
asc,NCT00273052,male,-3.376e-02,2.979e-02,-1.1335560681419135,0.25783466660972465
asc,NCT00273052,como_ct,1.625e-02,1.416e-02,1.147308762213875,0.2521164783330218
asc,NCT00115622,(Intercept),-0.000e+00,0.000e+00,NA,NA
asc,NCT00115622,age10,0.000e+00,0.000e+00,NA,NA
asc,NCT00115622,male,0.000e+00,0.000e+00,NA,NA
asc,NCT00115622,como_ct,0.000e+00,0.000e+00,NA,NA
asc,NCT00117325,(Intercept),9.905e-02,4.090e-02,2.421844239194436,0.0163384093631872
asc,NCT00117325,age10,-1.394e-02,7.948e-03,-1.7542839034859947,0.0809211001788619
asc,NCT00117325,male,9.227e-03,2.681e-02,0.34416886034596167,0.7310827060985658
asc,NCT00117325,como_ct,-2.706e-03,1.320e-02,-0.20501110611127907,0.8377729917276253
asc,NCT00118703,(Intercept),9.357e-03,2.216e-02,0.422208843119883,0.6734538995293158
asc,NCT00118703,age10,1.612e-03,4.423e-03,0.3645140342946293,0.7159678327897345
asc,NCT00118703,male,-9.033e-03,1.530e-02,-0.5905626970354088,0.5556680433200936
asc,NCT00118703,como_ct,-5.416e-03,7.242e-03,-0.7477939245084056,0.4557102466037305
asc,NCT00609674,(Intercept),-0.000e+00,0.000e+00,NA,NA
asc,NCT00609674,age10,-0.000e+00,0.000e+00,NA,NA
asc,NCT00609674,male,0.000e+00,0.000e+00,NA,NA
asc,NCT00609674,como_ct,-0.000e+00,0.000e+00,NA,NA
asc,NCT01916226,(Intercept),-0.000e+00,0.000e+00,NA,NA
asc,NCT01916226,age10,-0.000e+00,0.000e+00,NA,NA
asc,NCT01916226,male,0.000e+00,0.000e+00,NA,NA
asc,NCT01916226,como_ct,0.000e+00,0.000e+00,NA,NA
asc,NCT00118729,(Intercept),-0.000e+00,0.000e+00,NA,NA
asc,NCT00118729,age10,0.000e+00,0.000e+00,NA,NA
asc,NCT00118729,male,-0.000e+00,0.000e+00,NA,NA
asc,NCT00118729,como_ct,0.000e+00,0.000e+00,NA,NA
asce,NCT01957163,(Intercept),-8.625e-02,1.142e-01,-0.7554340023864493,0.45032999721081013
asce,NCT01957163,age10,2.927e-02,1.705e-02,1.7170099668502266,0.08657166095652837
asce,NCT01957163,male,-4.549e-02,2.761e-02,-1.6472284789983562,0.100114050576802
asce,NCT01957163,como_ct,1.134e-02,1.172e-02,0.9681242429643476,0.33343151786024805
asce,NCT01957163,black,1.100e-01,8.018e-02,1.3713929122590918,0.17084284901350694
asce,NCT01957163,asian,  NA,  NA,NA,NA
asce,NCT01957163,nativ,-6.559e-02,3.074e-01,-0.213384291220105,0.8311107053747632
asce,NCT01957163,other,-1.273e-01,3.066e-01,-0.41525252163871007,0.6781280078393878
asce,NCT02119286,(Intercept),7.566e-02,1.129e-01,0.670304525541041,0.502946570214531
asce,NCT02119286,age10,3.352e-03,1.756e-02,0.19089632061649003,0.8486776533075986
asce,NCT02119286,male,-3.601e-02,2.974e-02,-1.2105690072457327,0.2265834400635165
asce,NCT02119286,como_ct,2.777e-02,1.191e-02,2.330623646159019,0.02013582703145344
asce,NCT02119286,black,-2.050e-02,8.188e-02,-0.2502985914557742,0.8024504250921853
asce,NCT02119286,asian,-7.354e-02,5.271e-02,-1.3952165544029425,0.16351673645107545
asce,NCT02119286,nativ,  NA,  NA,NA,NA
asce,NCT02119286,other,  NA,  NA,NA,NA
asce,NCT02236611,(Intercept),8.266e-02,1.010e-01,0.8182983485704312,0.41340836962651506
asce,NCT02236611,age10,7.321e-03,1.516e-02,0.48297927712832245,0.6292305812334372
asce,NCT02236611,male,-3.499e-02,2.590e-02,-1.3510323815541525,0.17703231167150926
asce,NCT02236611,como_ct,2.847e-02,1.291e-02,2.2048186349772703,0.027724864398565495
asce,NCT02236611,black,  NA,  NA,NA,NA
asce,NCT02236611,asian,-1.439e-01,2.102e-01,-0.684748690224287,0.4936828229500283
asce,NCT02236611,nativ,  NA,  NA,NA,NA
asce,NCT02236611,other,8.187e-01,3.639e-01,2.249444121488317,0.024730740411789298
asce,NCT00428090,(Intercept),3.025e-02,1.996e-01,0.15155175152543215,0.879663698829735
asce,NCT00428090,age10,9.285e-03,2.575e-02,0.3605464832523702,0.7187453999400708
asce,NCT00428090,male,-2.095e-02,3.878e-02,-0.5402729602138341,0.5894936474637864
asce,NCT00428090,como_ct,5.825e-03,2.223e-02,0.262000230702281,0.7935387475282041
asce,NCT00428090,black,-7.501e-02,2.151e-01,-0.34873030768520025,0.7275876655705801
asce,NCT00428090,asian,-4.750e-02,5.220e-02,-0.9100828038513387,0.3636624991220966
asce,NCT00428090,nativ,-1.150e-01,3.008e-01,-0.3822769350823678,0.7025833485155069
asce,NCT00428090,other,2.209e-01,1.262e-01,1.750711423182447,0.08123210391296123
asce,NCT01181895,(Intercept),-1.280e-03,3.527e-02,-0.03629903199792135,0.9711091210369331
asce,NCT01181895,age10,-3.537e-03,6.399e-03,-0.5526644970230157,0.5816044112503534
asce,NCT01181895,male,-1.084e-02,1.844e-02,-0.5877030496961999,0.5579253406381346
asce,NCT01181895,como_ct,2.342e-02,1.144e-02,2.0467303979069906,0.04304667181494288
asce,NCT01181895,black,-2.612e-02,3.738e-02,-0.6989023640581328,0.48607488576766433
asce,NCT01181895,asian,  NA,  NA,NA,NA
asce,NCT01181895,nativ,-1.460e-03,2.580e-02,-0.05656811570634712,0.954990934917563
asce,NCT01181895,other,  NA,  NA,NA,NA
asce,NCT01316900,(Intercept),-0.000e+00,0.000e+00,NA,NA
asce,NCT01316900,age10,-0.000e+00,0.000e+00,NA,NA
asce,NCT01316900,male,-0.000e+00,0.000e+00,NA,NA
asce,NCT01316900,como_ct,0.000e+00,0.000e+00,NA,NA
asce,NCT01316900,black,-0.000e+00,0.000e+00,NA,NA
asce,NCT01316900,asian,0.000e+00,0.000e+00,NA,NA
asce,NCT01316900,nativ,0.000e+00,0.000e+00,NA,NA
asce,NCT01316900,other,0.000e+00,0.000e+00,NA,NA
asce,NCT01159912,(Intercept),2.123e-02,2.690e-02,0.7891808699753129,0.4313699421760163
asce,NCT01159912,age10,-3.727e-03,4.742e-03,-0.7858963576406247,0.4332853579558029
asce,NCT01159912,male,1.875e-02,1.550e-02,1.209757631688271,0.22845525020232757
asce,NCT01159912,como_ct,-6.732e-04,1.038e-02,-0.06487776668168609,0.9483658953070317
asce,NCT01159912,black,-1.090e-02,1.718e-02,-0.6348455606432055,0.526587945547031
asce,NCT01159912,asian,-7.732e-03,6.079e-02,-0.1271867417316316,0.8989790877823434
asce,NCT01159912,nativ,  NA,  NA,NA,NA
asce,NCT01159912,other,-1.917e-02,8.539e-02,-0.22455678207221177,0.8226586586664311
asce,NCT01436110,(Intercept),-0.000e+00,0.000e+00,NA,NA
asce,NCT01436110,age10,0.000e+00,0.000e+00,NA,NA
asce,NCT01436110,male,0.000e+00,0.000e+00,NA,NA
asce,NCT01436110,como_ct,0.000e+00,0.000e+00,NA,NA
asce,NCT01436110,black,-0.000e+00,0.000e+00,NA,NA
asce,NCT01436110,asian,-0.000e+00,0.000e+00,NA,NA
asce,NCT01436110,nativ,0.000e+00,0.000e+00,NA,NA
asce,NCT01436110,other,0.000e+00,0.000e+00,NA,NA
asce,NCT01691521,(Intercept),-0.000e+00,0.000e+00,NA,NA
asce,NCT01691521,age10,-0.000e+00,0.000e+00,NA,NA
asce,NCT01691521,male,0.000e+00,0.000e+00,NA,NA
asce,NCT01691521,como_ct,0.000e+00,0.000e+00,NA,NA
asce,NCT01691521,black,0.000e+00,0.000e+00,NA,NA
asce,NCT01691521,asian,0.000e+00,0.000e+00,NA,NA
asce,NCT01691521,nativ,0.000e+00,0.000e+00,NA,NA
asce,NCT01691521,other,0.000e+00,0.000e+00,NA,NA
asce,NCT00289198,(Intercept),3.237e-01,1.209e-01,2.6782107293896877,0.00824430275042169
asce,NCT00289198,age10,8.011e-03,2.610e-02,0.30687230575081903,0.75937483595688815
asce,NCT00289198,male,8.735e-02,8.194e-02,1.0660863926670385,0.28813242680125617
asce,NCT00289198,como_ct,-4.143e-02,5.378e-02,-0.7703476532869868,0.44232997355013226
asce,NCT00289198,black,  NA,  NA,NA,NA
asce,NCT00289198,asian,2.148e-01,1.660e-01,1.2942103674718606,0.1976222750103432
asce,NCT00289198,nativ,  NA,  NA,NA,NA
asce,NCT00289198,other,2.968e-01,2.831e-01,1.0483658735355375,0.2961906731642294
asce,NCT01772134,(Intercept),2.328e-01,1.256e-01,1.8536076706575044,0.06431087664380454
asce,NCT01772134,age10,-1.376e-02,2.007e-02,-0.6859158428404322,0.4930445785722909
asce,NCT01772134,male,-1.711e-03,3.468e-02,-0.04934576488608261,0.9606610042456893
asce,NCT01772134,como_ct,2.199e-02,1.350e-02,1.6288027918757733,0.10390632693525001
asce,NCT01772134,black,-3.206e-02,1.092e-01,-0.29349515894617195,0.7692503401570945
asce,NCT01772134,asian,-9.475e-02,6.903e-02,-1.3726319661246198,0.17040566760674952
asce,NCT01772134,nativ,-1.901e-01,3.909e-01,-0.486146631823809,0.6270497208473573
asce,NCT01772134,other,-1.653e-01,3.902e-01,-0.42360151559326786,0.6720159648708465
asce,NCT00123903,(Intercept),5.029e-01,2.265e-01,2.220357884732111,0.027700981082766588
asce,NCT00123903,age10,2.571e-03,3.692e-02,0.06963386075630362,0.9445659764826736
asce,NCT00123903,male,-8.042e-02,7.595e-02,-1.0587670417288746,0.2911905103938279
asce,NCT00123903,como_ct,4.843e-02,3.209e-02,1.5095085587859167,0.13300367640204913
asce,NCT00123903,black,-1.249e-02,1.053e-01,-0.11860224185333887,0.9057288889252609
asce,NCT00123903,asian,-1.680e-01,1.241e-01,-1.353953629660612,0.17752748100046298
asce,NCT00123903,nativ,  NA,  NA,NA,NA
asce,NCT00123903,other,  NA,  NA,NA,NA
asce,NCT00273052,(Intercept),6.528e-02,8.675e-02,0.7524939649819108,0.4523177955837707
asce,NCT00273052,age10,-1.129e-03,1.489e-02,-0.07581909793143723,0.939611305088272
asce,NCT00273052,male,-3.147e-02,2.997e-02,-1.0503494898844625,0.29436516081170133
asce,NCT00273052,como_ct,1.581e-02,1.422e-02,1.111233890335221,0.2673178336219305
asce,NCT00273052,black,4.351e-02,6.310e-02,0.6895015131554014,0.49101694061271817
asce,NCT00273052,asian,-5.970e-02,9.922e-02,-0.6016265259080739,0.5478568837641669
asce,NCT00273052,nativ,-6.027e-02,1.841e-01,-0.327353168950179,0.7436189144847367
asce,NCT00273052,other,1.245e-01,1.171e-01,1.062780506772672,0.2886981681711105
asce,NCT00115622,(Intercept),-0.000e+00,0.000e+00,NA,NA
asce,NCT00115622,age10,0.000e+00,0.000e+00,NA,NA
asce,NCT00115622,male,0.000e+00,0.000e+00,NA,NA
asce,NCT00115622,como_ct,0.000e+00,0.000e+00,NA,NA
asce,NCT00115622,black,0.000e+00,0.000e+00,NA,NA
asce,NCT00115622,asian,  NA,  NA,NA,NA
asce,NCT00115622,nativ,-0.000e+00,0.000e+00,NA,NA
asce,NCT00115622,other,0.000e+00,0.000e+00,NA,NA
asce,NCT00117325,(Intercept),9.640e-02,4.207e-02,2.2913912861311845,0.023009420993232853
asce,NCT00117325,age10,-1.414e-02,8.083e-03,-1.7489201849308822,0.08187826114630639
asce,NCT00117325,male,1.009e-02,2.709e-02,0.37225041400870035,0.7101106520007398
asce,NCT00117325,como_ct,-2.070e-03,1.323e-02,-0.15647928044863835,0.8758171346974201
asce,NCT00117325,black,1.300e-01,7.051e-02,1.8434916748225023,0.06677488756493799
asce,NCT00117325,asian,-4.363e-02,1.712e-01,-0.25482696279420797,0.7991252959830102
asce,NCT00117325,nativ,-3.637e-02,1.703e-01,-0.2135260115454733,0.8311397869336855
asce,NCT00117325,other,-5.750e-02,8.727e-02,-0.6589343471735555,0.5107152597181481
asce,NCT00118703,(Intercept),9.670e-03,2.238e-02,0.43203131180069276,0.6663229557592995
asce,NCT00118703,age10,1.592e-03,4.453e-03,0.3575572456910817,0.7211642324000012
asce,NCT00118703,male,-8.979e-03,1.557e-02,-0.5767610528588253,0.5649429866225939
asce,NCT00118703,como_ct,-5.424e-03,7.297e-03,-0.7432629902435943,0.4584548591963332
asce,NCT00118703,black,-6.458e-03,3.641e-02,-0.17737721202818865,0.8594451911619128
asce,NCT00118703,asian,  NA,  NA,NA,NA
asce,NCT00118703,nativ,  NA,  NA,NA,NA
asce,NCT00118703,other,-2.593e-03,8.138e-02,-0.031859894095988564,0.9746250364606173
asce,NCT00609674,(Intercept),-0.000e+00,0.000e+00,NA,NA
asce,NCT00609674,age10,-0.000e+00,0.000e+00,NA,NA
asce,NCT00609674,male,0.000e+00,0.000e+00,NA,NA
asce,NCT00609674,como_ct,-0.000e+00,0.000e+00,NA,NA
asce,NCT00609674,black,-0.000e+00,0.000e+00,NA,NA
asce,NCT00609674,asian,0.000e+00,0.000e+00,NA,NA
asce,NCT00609674,nativ,0.000e+00,0.000e+00,NA,NA
asce,NCT00609674,other,0.000e+00,0.000e+00,NA,NA
asce,NCT01916226,(Intercept),-0.000e+00,0.000e+00,NA,NA
asce,NCT01916226,age10,-0.000e+00,0.000e+00,NA,NA
asce,NCT01916226,male,0.000e+00,0.000e+00,NA,NA
asce,NCT01916226,como_ct,0.000e+00,0.000e+00,NA,NA
asce,NCT01916226,black,0.000e+00,0.000e+00,NA,NA
asce,NCT01916226,asian,0.000e+00,0.000e+00,NA,NA
asce,NCT01916226,nativ,0.000e+00,0.000e+00,NA,NA
asce,NCT01916226,other,0.000e+00,0.000e+00,NA,NA
asce,NCT00118729,(Intercept),-0.000e+00,0.000e+00,NA,NA
asce,NCT00118729,age10,0.000e+00,0.000e+00,NA,NA
asce,NCT00118729,male,-0.000e+00,0.000e+00,NA,NA
asce,NCT00118729,como_ct,0.000e+00,0.000e+00,NA,NA
asce,NCT00118729,black,-0.000e+00,0.000e+00,NA,NA
asce,NCT00118729,asian,-0.000e+00,0.000e+00,NA,NA
asce,NCT00118729,nativ,  NA,  NA,NA,NA
asce,NCT00118729,other,  NA,  NA,NA,NA
as_int,NCT01957163,(Intercept),-8.744e-02,1.877e-01,-0.46580638342869995,0.6415476466620162
as_int,NCT01957163,age10,3.377e-02,2.874e-02,1.17506147054068,0.240503794932196
as_int,NCT01957163,male,1.047e-03,2.332e-01,0.004487668181863063,0.9964210787920335
as_int,NCT01957163,age10:male,-7.545e-03,3.549e-02,-0.21259057485063712,0.8317289975566431
as_int,NCT02119286,(Intercept),1.832e-01,1.707e-01,1.073680543617138,0.28343757049501483
as_int,NCT02119286,age10,-4.213e-03,2.712e-02,-0.15532889497325275,0.876619128984037
as_int,NCT02119286,male,-1.106e-01,2.239e-01,-0.494167914211844,0.6213852598779905
as_int,NCT02119286,age10:male,9.403e-03,3.511e-02,0.2678157514152397,0.7889417339878249
as_int,NCT02236611,(Intercept),5.550e-01,1.633e-01,3.399101522127256,7.063849255307773e-4
as_int,NCT02236611,age10,-5.602e-02,2.469e-02,-2.269164595077898,0.02349910037089189
as_int,NCT02236611,male,-7.371e-01,2.047e-01,-3.601246767667931,3.343795969871001e-4
as_int,NCT02236611,age10:male,1.058e-01,3.103e-02,3.410881877542788,6.769426947688732e-4
as_int,NCT00428090,(Intercept),1.831e-01,2.332e-01,0.7851205893677357,0.4331203622826112
as_int,NCT00428090,age10,-9.892e-03,3.097e-02,-0.3194128179145733,0.7496781194193334
as_int,NCT00428090,male,-5.158e-01,3.967e-01,-1.3000855013664463,0.19475950970589928
as_int,NCT00428090,age10:male,6.626e-02,5.352e-02,1.2380388116692784,0.216853826325022
as_int,NCT01181895,(Intercept),1.851e-02,4.246e-02,0.43583517445696424,0.6637877752508559
as_int,NCT01181895,age10,-1.104e-03,7.983e-03,-0.13825675842324223,0.8902835743520697
as_int,NCT01181895,male,-1.851e-02,6.417e-02,-0.2883819946091723,0.7735826577896976
as_int,NCT01181895,age10:male,1.104e-03,1.239e-02,0.08904641093362253,0.9292026555861626
as_int,NCT01316900,(Intercept),-0.000e+00,0.000e+00,NA,NA
as_int,NCT01316900,age10,-0.000e+00,0.000e+00,NA,NA
as_int,NCT01316900,male,-0.000e+00,0.000e+00,NA,NA
as_int,NCT01316900,age10:male,-0.000e+00,0.000e+00,NA,NA
as_int,NCT01159912,(Intercept),-1.656e-17,2.793e-02,-5.928116429240326e-16,0.9999999999999996
as_int,NCT01159912,age10,1.109e-18,5.721e-03,1.9380537053261993e-16,0.9999999999999998
as_int,NCT01159912,male,5.537e-02,4.284e-02,1.2924294574395596,0.19833755127994937
as_int,NCT01159912,age10:male,-8.216e-03,9.181e-03,-0.8948399130949919,0.372408537822168
as_int,NCT01436110,(Intercept),-0.000e+00,0.000e+00,NA,NA
as_int,NCT01436110,age10,0.000e+00,0.000e+00,NA,NA
as_int,NCT01436110,male,0.000e+00,0.000e+00,NA,NA
as_int,NCT01436110,age10:male,0.000e+00,0.000e+00,NA,NA
as_int,NCT01691521,(Intercept),-0.000e+00,0.000e+00,NA,NA
as_int,NCT01691521,age10,-0.000e+00,0.000e+00,NA,NA
as_int,NCT01691521,male,0.000e+00,0.000e+00,NA,NA
as_int,NCT01691521,age10:male,0.000e+00,0.000e+00,NA,NA
as_int,NCT00289198,(Intercept),3.555e-01,1.516e-01,2.344797066007181,0.02035685418074549
as_int,NCT00289198,age10,-8.351e-03,3.240e-02,-0.2577561262250844,0.7969507790690868
as_int,NCT00289198,male,2.402e-02,2.451e-01,0.09800880372097787,0.92205702363984
as_int,NCT00289198,age10:male,1.290e-02,4.776e-02,0.27014533601666574,0.7874222519360837
as_int,NCT01772134,(Intercept),3.761e-01,2.091e-01,1.798773037881811,0.0725788788777468
as_int,NCT01772134,age10,-2.945e-02,3.380e-02,-0.8714529715917119,0.38387057865889684
as_int,NCT01772134,male,-1.630e-01,2.613e-01,-0.623722964316397,0.5330568859592841
as_int,NCT01772134,age10:male,2.414e-02,4.142e-02,0.5826318082101463,0.560369588096882
as_int,NCT00123903,(Intercept),5.728e-01,3.256e-01,1.7593930500973458,0.08026830034821457
as_int,NCT00123903,age10,2.142e-03,5.468e-02,0.03917333832112872,0.9687970998805286
as_int,NCT00123903,male,-1.966e-01,4.371e-01,-0.4497621032702794,0.6534417745944149
as_int,NCT00123903,age10:male,2.094e-02,7.367e-02,0.28419427848232987,0.7765994135750808
as_int,NCT00273052,(Intercept),9.804e-02,1.114e-01,0.879809681776202,0.3796267957178059
as_int,NCT00273052,age10,-1.841e-03,1.996e-02,-0.09225024043019533,0.9265573092855199
as_int,NCT00273052,male,-4.474e-02,1.595e-01,-0.28057045454531127,0.7792223232276145
as_int,NCT00273052,age10:male,1.198e-03,2.958e-02,0.040508334226368965,0.967713283091578
as_int,NCT00115622,(Intercept),-0.000e+00,0.000e+00,NA,NA
as_int,NCT00115622,age10,0.000e+00,0.000e+00,NA,NA
as_int,NCT00115622,male,0.000e+00,0.000e+00,NA,NA
as_int,NCT00115622,age10:male,0.000e+00,0.000e+00,NA,NA
as_int,NCT00117325,(Intercept),6.686e-02,4.793e-02,1.3949823817111169,0.16457615673001597
as_int,NCT00117325,age10,-8.217e-03,9.504e-03,-0.8645862740235845,0.3883068959079684
as_int,NCT00117325,male,9.351e-02,8.164e-02,1.1454146159978484,0.253413061886963
as_int,NCT00117325,age10:male,-1.712e-02,1.580e-02,-1.0833410700350439,0.2799679186429044
as_int,NCT00118703,(Intercept),3.379e-03,2.314e-02,0.14598639293873938,0.8841206002664337
as_int,NCT00118703,age10,1.015e-03,4.768e-03,0.2129114396312383,0.8316740122824003
as_int,NCT00118703,male,-3.379e-03,5.858e-02,-0.057675586450531724,0.95408085059744
as_int,NCT00118703,age10:male,-1.015e-03,1.108e-02,-0.09157504660439489,0.9271531638947033
as_int,NCT00609674,(Intercept),-0.000e+00,0.000e+00,NA,NA
as_int,NCT00609674,age10,-0.000e+00,0.000e+00,NA,NA
as_int,NCT00609674,male,0.000e+00,0.000e+00,NA,NA
as_int,NCT00609674,age10:male,-0.000e+00,0.000e+00,NA,NA
as_int,NCT01916226,(Intercept),-0.000e+00,0.000e+00,NA,NA
as_int,NCT01916226,age10,-0.000e+00,0.000e+00,NA,NA
as_int,NCT01916226,male,0.000e+00,0.000e+00,NA,NA
as_int,NCT01916226,age10:male,-0.000e+00,0.000e+00,NA,NA
as_int,NCT00118729,(Intercept),-0.000e+00,0.000e+00,NA,NA
as_int,NCT00118729,age10,0.000e+00,0.000e+00,NA,NA
as_int,NCT00118729,male,-0.000e+00,0.000e+00,NA,NA
as_int,NCT00118729,age10:male,0.000e+00,0.000e+00,NA,NA
asc_int,NCT01957163,(Intercept),-9.241e-01,4.013e-01,-2.3029242503243235,0.021676942506086608
asc_int,NCT01957163,age10,1.607e-01,6.198e-02,2.5928625586982315,0.009786041307854307
asc_int,NCT01957163,male,8.951e-01,4.872e-01,1.8371415071917314,0.06675948546164359
asc_int,NCT01957163,como_ct,3.766e-01,1.590e-01,2.368080958967536,0.018245431213834883
asc_int,NCT01957163,age10:male,-1.473e-01,7.457e-02,-1.9757244412618449,0.04871422577844249
asc_int,NCT01957163,age10:como_ct,-5.685e-02,2.437e-02,-2.3329317270414105,0.020032198162705586
asc_int,NCT01957163,male:como_ct,-4.055e-01,2.092e-01,-1.9386954009004598,0.053079172727806816
asc_int,NCT01957163,age10:male:como_ct,6.331e-02,3.165e-02,2.0000709608644702,0.04601219113627635
asc_int,NCT02119286,(Intercept),4.661e-01,3.923e-01,1.1881971134048261,0.23527328408202128
asc_int,NCT02119286,age10,-6.831e-02,6.216e-02,-1.0989721253686897,0.2722654579182456
asc_int,NCT02119286,male,-2.681e-01,4.812e-01,-0.5571087425232876,0.5776818478676242
asc_int,NCT02119286,como_ct,-1.097e-01,1.582e-01,-0.6934975490227206,0.48829281134065505
asc_int,NCT02119286,age10:male,5.147e-02,7.571e-02,0.6798192169043203,0.49690758398398904
asc_int,NCT02119286,age10:como_ct,2.596e-02,2.483e-02,1.045442787719386,0.2962818239305013
asc_int,NCT02119286,male:como_ct,5.142e-02,1.962e-01,0.2620319136108527,0.793395844383529
asc_int,NCT02119286,age10:male:como_ct,-1.568e-02,3.059e-02,-0.5127032523818854,0.6083666452225394
asc_int,NCT02236611,(Intercept),5.864e-01,3.332e-01,1.7602025802934014,0.078721626038126
asc_int,NCT02236611,age10,-5.305e-02,5.147e-02,-1.0306288450339232,0.30299872123693133
asc_int,NCT02236611,male,-3.327e-01,4.261e-01,-0.7808027103184091,0.43512900118152
asc_int,NCT02236611,como_ct,-3.049e-02,1.512e-01,-0.2016009270934585,0.8402754175642281
asc_int,NCT02236611,age10:male,2.129e-02,6.509e-02,0.3271479654216907,0.7436339542029591
asc_int,NCT02236611,age10:como_ct,5.573e-04,2.311e-02,0.024110357935023342,0.9807700596837619
asc_int,NCT02236611,male:como_ct,-1.866e-01,2.086e-01,-0.8941989048970108,0.3714605257859307
asc_int,NCT02236611,age10:male:como_ct,4.101e-02,3.125e-02,1.312214177963153,0.1897908265127476
asc_int,NCT00428090,(Intercept),-9.705e-01,5.376e-01,-1.8052822874677747,0.07224324387457748
asc_int,NCT00428090,age10,1.412e-01,7.210e-02,1.9585553521476395,0.05128570451635668
asc_int,NCT00428090,male,7.452e-01,8.239e-01,0.9044337269597752,0.36664319993540784
asc_int,NCT00428090,como_ct,6.187e-01,2.601e-01,2.378730808756745,0.018130164790947884
asc_int,NCT00428090,age10:male,-1.018e-01,1.126e-01,-0.9040047008147053,0.36687019742423244
asc_int,NCT00428090,age10:como_ct,-8.100e-02,3.502e-02,-2.312814726222281,0.021551925573015458
asc_int,NCT00428090,male:como_ct,-6.828e-01,4.213e-01,-1.620715023195907,0.10634951789385581
asc_int,NCT00428090,age10:male:como_ct,9.112e-02,5.778e-02,1.5769018259904202,0.1160928207623991
asc_int,NCT01181895,(Intercept),-8.586e-02,8.894e-02,-0.9654138325097017,0.3364746437847945
asc_int,NCT01181895,age10,1.129e-02,1.670e-02,0.6756420076885676,0.500698873275286
asc_int,NCT01181895,male,8.586e-02,2.042e-01,0.42049021988689195,0.6749552013479956
asc_int,NCT01181895,como_ct,8.971e-02,6.468e-02,1.3870505168754312,0.16825618327127434
asc_int,NCT01181895,age10:male,-1.129e-02,3.826e-02,-0.2950080691773148,0.7685488831453591
asc_int,NCT01181895,age10:como_ct,-1.184e-02,1.187e-02,-0.9977876598290127,0.3205922529918219
asc_int,NCT01181895,male:como_ct,-8.971e-02,1.746e-01,-0.5136819434877381,0.6085141124824132
asc_int,NCT01181895,age10:male:como_ct,1.184e-02,3.146e-02,0.3764570971427709,0.7073089020989549
asc_int,NCT01316900,(Intercept),-0.000e+00,0.000e+00,NA,NA
asc_int,NCT01316900,age10,-0.000e+00,0.000e+00,NA,NA
asc_int,NCT01316900,male,-0.000e+00,0.000e+00,NA,NA
asc_int,NCT01316900,como_ct,0.000e+00,0.000e+00,NA,NA
asc_int,NCT01316900,age10:male,0.000e+00,0.000e+00,NA,NA
asc_int,NCT01316900,age10:como_ct,0.000e+00,0.000e+00,NA,NA
asc_int,NCT01316900,male:como_ct,0.000e+00,0.000e+00,NA,NA
asc_int,NCT01316900,age10:male:como_ct,0.000e+00,0.000e+00,NA,NA
asc_int,NCT01159912,(Intercept),-5.900e-17,6.791e-02,-8.688180213049108e-16,0.9999999999999993
asc_int,NCT01159912,age10,5.914e-18,1.382e-02,4.278128827797852e-16,0.9999999999999997
asc_int,NCT01159912,male,1.215e-01,1.361e-01,0.8922332390631152,0.3738438814746521
asc_int,NCT01159912,como_ct,-1.993e-17,4.459e-02,-4.46843126601228e-16,0.9999999999999997
asc_int,NCT01159912,age10:male,-1.752e-02,2.788e-02,-0.6284330441412357,0.5307742713428751
asc_int,NCT01159912,age10:como_ct,4.609e-18,8.773e-03,5.253839206038484e-16,0.9999999999999996
asc_int,NCT01159912,male:como_ct,-6.073e-02,1.098e-01,-0.5532039573437973,0.5810320042660078
asc_int,NCT01159912,age10:male:como_ct,8.761e-03,2.137e-02,0.4098612359453082,0.682552618672963
asc_int,NCT01436110,(Intercept),-0.000e+00,0.000e+00,NA,NA
asc_int,NCT01436110,age10,0.000e+00,0.000e+00,NA,NA
asc_int,NCT01436110,male,0.000e+00,0.000e+00,NA,NA
asc_int,NCT01436110,como_ct,0.000e+00,0.000e+00,NA,NA
asc_int,NCT01436110,age10:male,0.000e+00,0.000e+00,NA,NA
asc_int,NCT01436110,age10:como_ct,0.000e+00,0.000e+00,NA,NA
asc_int,NCT01436110,male:como_ct,0.000e+00,0.000e+00,NA,NA
asc_int,NCT01436110,age10:male:como_ct,0.000e+00,0.000e+00,NA,NA
asc_int,NCT01691521,(Intercept),-0.000e+00,0.000e+00,NA,NA
asc_int,NCT01691521,age10,-0.000e+00,0.000e+00,NA,NA
asc_int,NCT01691521,male,0.000e+00,0.000e+00,NA,NA
asc_int,NCT01691521,como_ct,0.000e+00,0.000e+00,NA,NA
asc_int,NCT01691521,age10:male,-0.000e+00,0.000e+00,NA,NA
asc_int,NCT01691521,age10:como_ct,0.000e+00,0.000e+00,NA,NA
asc_int,NCT01691521,male:como_ct,-0.000e+00,0.000e+00,NA,NA
asc_int,NCT01691521,age10:male:como_ct,-0.000e+00,0.000e+00,NA,NA
asc_int,NCT00289198,(Intercept),1.045e-01,4.382e-01,0.2385963637204039,0.8117554577804742
asc_int,NCT00289198,age10,5.278e-02,8.409e-02,0.6277072008991286,0.5311830671743478
asc_int,NCT00289198,male,9.675e-01,7.025e-01,1.3772344087116761,0.17056211348737482
asc_int,NCT00289198,como_ct,1.754e-01,3.390e-01,0.5173501749474005,0.6057000553257114
asc_int,NCT00289198,age10:male,-1.507e-01,1.282e-01,-1.1752668487423445,0.2418142238105644
asc_int,NCT00289198,age10:como_ct,-3.973e-02,5.866e-02,-0.6772615722541513,0.49931913121894766
asc_int,NCT00289198,male:como_ct,-6.779e-01,4.913e-01,-1.3797657758614723,0.169782708919577
asc_int,NCT00289198,age10:male:como_ct,1.128e-01,8.164e-02,1.3815462170851232,0.16923613155539327
asc_int,NCT01772134,(Intercept),3.850e-01,4.292e-01,0.8970183444162855,0.3700871659678602
asc_int,NCT01772134,age10,-3.598e-02,7.072e-02,-0.5087953529912492,0.6110922105420928
asc_int,NCT01772134,male,-4.527e-01,5.264e-01,-0.8599715590419599,0.3901656345940131
asc_int,NCT01772134,como_ct,2.287e-03,1.585e-01,0.014433921815588988,0.988488838224569
asc_int,NCT01772134,age10:male,6.396e-02,8.486e-02,0.75369143530446,0.451345192291257
asc_int,NCT01772134,age10:como_ct,1.833e-03,2.590e-02,0.07075554448845839,0.943617087139192
asc_int,NCT01772134,male:como_ct,1.557e-01,2.047e-01,0.7609031892924104,0.44702899631720727
asc_int,NCT01772134,age10:male:como_ct,-2.123e-02,3.242e-02,-0.6547906592968925,0.5128662169543494
asc_int,NCT00123903,(Intercept),7.355e-01,6.537e-01,1.125220134871103,0.2620818856524641
asc_int,NCT00123903,age10,-3.929e-02,1.079e-01,-0.3639822524381092,0.7163235526120584
asc_int,NCT00123903,male,-1.025e-01,8.097e-01,-0.12663206433958676,0.8993812674340814
asc_int,NCT00123903,como_ct,-5.207e-02,3.001e-01,-0.17349460067070058,0.8624690820900038
asc_int,NCT00123903,age10:male,-5.443e-03,1.378e-01,-0.03948970391571866,0.9685462995294131
asc_int,NCT00123903,age10:como_ct,1.604e-02,4.715e-02,0.34017076128850743,0.7341478901970566
asc_int,NCT00123903,male:como_ct,-5.014e-02,3.605e-01,-0.13907463861681812,0.8895557851893312
asc_int,NCT00123903,age10:male:como_ct,1.353e-02,5.915e-02,0.22864646877460718,0.8194185191044339
asc_int,NCT00273052,(Intercept),-8.790e-02,1.927e-01,-0.4560353868534764,0.6486797696152065
asc_int,NCT00273052,age10,2.383e-02,3.458e-02,0.6889895377367153,0.4913386288889108
asc_int,NCT00273052,male,3.347e-01,3.415e-01,0.9800364050752967,0.3278226292974612
asc_int,NCT00273052,como_ct,1.301e-01,1.079e-01,1.205224627373736,0.22902409620356487
asc_int,NCT00273052,age10:male,-4.996e-02,5.977e-02,-0.8358671852580213,0.40386522011144854
asc_int,NCT00273052,age10:como_ct,-1.846e-02,1.924e-02,-0.9596782467368647,0.3379555452623114
asc_int,NCT00273052,male:como_ct,-2.855e-01,2.251e-01,-1.2687098153855514,0.20548429658544606
asc_int,NCT00273052,age10:male:como_ct,3.912e-02,3.801e-02,1.0291128250858934,0.30421871984276355
asc_int,NCT00115622,(Intercept),-0.000e+00,0.000e+00,NA,NA
asc_int,NCT00115622,age10,0.000e+00,0.000e+00,NA,NA
asc_int,NCT00115622,male,0.000e+00,0.000e+00,NA,NA
asc_int,NCT00115622,como_ct,0.000e+00,0.000e+00,NA,NA
asc_int,NCT00115622,age10:male,0.000e+00,0.000e+00,NA,NA
asc_int,NCT00115622,age10:como_ct,-0.000e+00,0.000e+00,NA,NA
asc_int,NCT00115622,male:como_ct,0.000e+00,0.000e+00,NA,NA
asc_int,NCT00115622,age10:male:como_ct,-0.000e+00,0.000e+00,NA,NA
asc_int,NCT00117325,(Intercept),-1.699e-02,1.171e-01,-0.14518193593117604,0.8847171809881159
asc_int,NCT00117325,age10,8.993e-03,2.315e-02,0.3884572829366767,0.6981014418441899
asc_int,NCT00117325,male,3.490e-01,1.973e-01,1.7691404693743207,0.07843358869349569
asc_int,NCT00117325,como_ct,5.414e-02,7.120e-02,0.7603982714818439,0.44793498031628365
asc_int,NCT00117325,age10:male,-6.017e-02,3.552e-02,-1.6939935129958505,0.09186309990708842
asc_int,NCT00117325,age10:como_ct,-1.060e-02,1.316e-02,-0.8053657653634034,0.42158957708087874
asc_int,NCT00117325,male:como_ct,-1.902e-01,1.345e-01,-1.4134504529254035,0.15911766012732728
asc_int,NCT00117325,age10:male:como_ct,3.073e-02,2.175e-02,1.4126466151598271,0.15935368896479352
asc_int,NCT00118703,(Intercept),1.748e-03,4.605e-02,0.03796588580528665,0.9697646990986353
asc_int,NCT00118703,age10,3.714e-03,9.475e-03,0.39197309435011013,0.6956271205475948
asc_int,NCT00118703,male,-1.748e-03,1.442e-01,-0.012126137933998539,0.9903408800958864
asc_int,NCT00118703,como_ct,-2.273e-03,2.454e-02,-0.09264664531523957,0.9263062832309513
asc_int,NCT00118703,age10:male,-3.714e-03,2.790e-02,-0.13310286950396127,0.8942880770125744
asc_int,NCT00118703,age10:como_ct,-9.189e-04,4.554e-03,-0.20179145971788645,0.8403495696610801
asc_int,NCT00118703,male:como_ct,2.273e-03,9.444e-02,0.024071770035942592,0.9808269336103579
asc_int,NCT00118703,age10:male:como_ct,9.189e-04,1.768e-02,0.05197707686753497,0.9586152039938534
asc_int,NCT00609674,(Intercept),-0.000e+00,0.000e+00,NA,NA
asc_int,NCT00609674,age10,-0.000e+00,0.000e+00,NA,NA
asc_int,NCT00609674,male,0.000e+00,0.000e+00,NA,NA
asc_int,NCT00609674,como_ct,-0.000e+00,0.000e+00,NA,NA
asc_int,NCT00609674,age10:male,0.000e+00,0.000e+00,NA,NA
asc_int,NCT00609674,age10:como_ct,-0.000e+00,0.000e+00,NA,NA
asc_int,NCT00609674,male:como_ct,-0.000e+00,0.000e+00,NA,NA
asc_int,NCT00609674,age10:male:como_ct,0.000e+00,0.000e+00,NA,NA
asc_int,NCT01916226,(Intercept),-0.000e+00,0.000e+00,NA,NA
asc_int,NCT01916226,age10,-0.000e+00,0.000e+00,NA,NA
asc_int,NCT01916226,male,0.000e+00,0.000e+00,NA,NA
asc_int,NCT01916226,como_ct,0.000e+00,0.000e+00,NA,NA
asc_int,NCT01916226,age10:male,-0.000e+00,0.000e+00,NA,NA
asc_int,NCT01916226,age10:como_ct,-0.000e+00,0.000e+00,NA,NA
asc_int,NCT01916226,male:como_ct,0.000e+00,0.000e+00,NA,NA
asc_int,NCT01916226,age10:male:como_ct,0.000e+00,0.000e+00,NA,NA
asc_int,NCT00118729,(Intercept),-0.000e+00,0.000e+00,NA,NA
asc_int,NCT00118729,age10,0.000e+00,0.000e+00,NA,NA
asc_int,NCT00118729,male,-0.000e+00,0.000e+00,NA,NA
asc_int,NCT00118729,como_ct,0.000e+00,0.000e+00,NA,NA
asc_int,NCT00118729,age10:male,0.000e+00,0.000e+00,NA,NA
asc_int,NCT00118729,age10:como_ct,0.000e+00,0.000e+00,NA,NA
asc_int,NCT00118729,male:como_ct,0.000e+00,0.000e+00,NA,NA
asc_int,NCT00118729,age10:male:como_ct,0.000e+00,0.000e+00,NA,NA
asce_int,NCT01957163,(Intercept),-1.011e-01,1.131e-01,-0.8935303748419777,0.37198655537876035
asce_int,NCT01957163,age10,3.041e-02,1.688e-02,1.801833902845089,0.0721505967718145
asce_int,NCT01957163,como_ct,1.048e-02,1.160e-02,0.9038190336091222,0.36650987890849096
asce_int,NCT01957163,male,-3.061e-02,2.768e-02,-1.1057299845075843,0.26935471421094026
asce_int,NCT01957163,black,4.907e-01,1.370e-01,3.5811723108991442,3.741526071566215e-4
asce_int,NCT01957163,asian,  NA,  NA,NA,NA
asce_int,NCT01957163,nativ,-5.540e-02,3.043e-01,-0.18206692421944598,0.8556011576107132
asce_int,NCT01957163,other,-1.323e-01,3.035e-01,-0.4358663437922422,0.6631145865167152
asce_int,NCT01957163,male:black,-5.716e-01,1.677e-01,-3.408868245048428,7.029537296576699e-4
asce_int,NCT01957163,male:asian,  NA,  NA,NA,NA
asce_int,NCT01957163,male:nativ,  NA,  NA,NA,NA
asce_int,NCT01957163,male:other,  NA,  NA,NA,NA
asce_int,NCT02119286,(Intercept),6.793e-02,1.131e-01,0.6004937846248555,0.5484268235914934
asce_int,NCT02119286,age10,3.512e-03,1.756e-02,0.20002796221543567,0.8415333264972693
asce_int,NCT02119286,como_ct,2.843e-02,1.191e-02,2.386487366124627,0.017350402667919276
asce_int,NCT02119286,male,-2.644e-02,3.030e-02,-0.8726791617620003,0.38322229205325486
asce_int,NCT02119286,black,1.829e-01,1.369e-01,1.335896687227349,0.18214060474356777
asce_int,NCT02119286,asian,-1.167e-01,3.317e-01,-0.3518564867671285,0.7250818956454461
asce_int,NCT02119286,nativ,  NA,  NA,NA,NA
asce_int,NCT02119286,other,  NA,  NA,NA,NA
asce_int,NCT02119286,male:black,-3.159e-01,1.706e-01,-1.8519849287913885,0.06456857374492633
asce_int,NCT02119286,male:asian,4.005e-02,3.362e-01,0.119139392091788,0.905208823866771
asce_int,NCT02119286,male:nativ,  NA,  NA,NA,NA
asce_int,NCT02119286,male:other,  NA,  NA,NA,NA
asce_int,NCT02236611,(Intercept),8.266e-02,1.010e-01,0.8182983485704327,0.41340836962651417
asce_int,NCT02236611,age10,7.321e-03,1.516e-02,0.4829792771283218,0.6292305812334378
asce_int,NCT02236611,como_ct,2.847e-02,1.291e-02,2.2048186349772725,0.02772486439856536
asce_int,NCT02236611,male,-3.499e-02,2.590e-02,-1.35103238155416,0.17703231167150693
asce_int,NCT02236611,black,  NA,  NA,NA,NA
asce_int,NCT02236611,asian,-1.439e-01,2.102e-01,-0.6847486902242879,0.49368282295002763
asce_int,NCT02236611,nativ,  NA,  NA,NA,NA
asce_int,NCT02236611,other,8.187e-01,3.639e-01,2.249444121488318,0.024730740411789236
asce_int,NCT02236611,male:black,  NA,  NA,NA,NA
asce_int,NCT02236611,male:asian,  NA,  NA,NA,NA
asce_int,NCT02236611,male:nativ,  NA,  NA,NA,NA
asce_int,NCT02236611,male:other,  NA,  NA,NA,NA
asce_int,NCT00428090,(Intercept),6.012e-02,1.986e-01,0.30275572920765403,0.7623318725641901
asce_int,NCT00428090,age10,6.426e-03,2.558e-02,0.25122717996666843,0.8018481986251433
asce_int,NCT00428090,como_ct,6.062e-03,2.211e-02,0.27422235792088157,0.784143876917331
asce_int,NCT00428090,male,-4.376e-02,4.235e-02,-1.0330997775392643,0.30257176911393735
asce_int,NCT00428090,black,-6.387e-02,2.132e-01,-0.2995197784098228,0.7647963921284594
asce_int,NCT00428090,asian,-7.458e-02,6.651e-02,-1.1213157009702897,0.26324688765201326
asce_int,NCT00428090,nativ,-1.208e-01,2.979e-01,-0.40548862304419336,0.6854708124266299
asce_int,NCT00428090,other,7.523e-02,1.368e-01,0.5499486726714838,0.5828535368369985
asce_int,NCT00428090,male:black,  NA,  NA,NA,NA
asce_int,NCT00428090,male:asian,6.643e-02,1.049e-01,0.6334087748302847,0.527055170109384
asce_int,NCT00428090,male:nativ,  NA,  NA,NA,NA
asce_int,NCT00428090,male:other,8.414e-01,3.264e-01,2.5778427366581607,0.010524923957311376
asce_int,NCT01181895,(Intercept),-6.984e-04,3.797e-02,-0.018393309652566046,0.98535871624885
asce_int,NCT01181895,age10,-3.678e-03,6.627e-03,-0.555009819971406,0.580025126998318
asce_int,NCT01181895,como_ct,2.360e-02,1.176e-02,2.007036246708366,0.047220957012179404
asce_int,NCT01181895,male,-1.122e-02,2.088e-02,-0.5371157307102248,0.592282425526323
asce_int,NCT01181895,black,-2.393e-02,4.083e-02,-0.5860860081322544,0.55902939710176
asce_int,NCT01181895,asian,  NA,  NA,NA,NA
asce_int,NCT01181895,nativ,-3.513e-03,3.122e-02,-0.11254470380651994,0.9105985339264719
asce_int,NCT01181895,other,  NA,  NA,NA,NA
asce_int,NCT01181895,male:black,-1.731e-02,1.047e-01,-0.1653366253446532,0.8689852893818822
asce_int,NCT01181895,male:asian,  NA,  NA,NA,NA
asce_int,NCT01181895,male:nativ,7.025e-03,5.625e-02,0.12488144324805364,0.9008474351948894
asce_int,NCT01181895,male:other,  NA,  NA,NA,NA
asce_int,NCT01316900,(Intercept),-0.000e+00,0.000e+00,NA,NA
asce_int,NCT01316900,age10,-0.000e+00,0.000e+00,NA,NA
asce_int,NCT01316900,como_ct,-0.000e+00,0.000e+00,NA,NA
asce_int,NCT01316900,male,0.000e+00,0.000e+00,NA,NA
asce_int,NCT01316900,black,-0.000e+00,0.000e+00,NA,NA
asce_int,NCT01316900,asian,0.000e+00,0.000e+00,NA,NA
asce_int,NCT01316900,nativ,0.000e+00,0.000e+00,NA,NA
asce_int,NCT01316900,other,0.000e+00,0.000e+00,NA,NA
asce_int,NCT01316900,male:black,0.000e+00,0.000e+00,NA,NA
asce_int,NCT01316900,male:asian,  NA,  NA,NA,NA
asce_int,NCT01316900,male:nativ,-0.000e+00,0.000e+00,NA,NA
asce_int,NCT01316900,male:other,  NA,  NA,NA,NA
asce_int,NCT01159912,(Intercept),2.132e-02,2.693e-02,0.7918069169988641,0.4298521467447243
asce_int,NCT01159912,age10,-3.929e-03,4.754e-03,-0.826498885248458,0.40996881490850534
asce_int,NCT01159912,como_ct,-1.677e-03,1.046e-02,-0.1603756983593066,0.8728230968853148
asce_int,NCT01159912,male,2.512e-02,1.733e-02,1.4492591143407667,0.14956719145878475
asce_int,NCT01159912,black,-1.671e-03,2.052e-02,-0.08144593749463497,0.9352070568923344
asce_int,NCT01159912,asian,-5.643e-03,6.091e-02,-0.0926404897349826,0.9263255036760589
asce_int,NCT01159912,nativ,  NA,  NA,NA,NA
asce_int,NCT01159912,other,-2.355e-02,8.565e-02,-0.27490272073161565,0.7838081563880258
asce_int,NCT01159912,male:black,-3.004e-02,3.642e-02,-0.8246061101893262,0.4110391776144807
asce_int,NCT01159912,male:asian,  NA,  NA,NA,NA
asce_int,NCT01159912,male:nativ,  NA,  NA,NA,NA
asce_int,NCT01159912,male:other,  NA,  NA,NA,NA
asce_int,NCT01436110,(Intercept),-0.000e+00,0.000e+00,NA,NA
asce_int,NCT01436110,age10,0.000e+00,0.000e+00,NA,NA
asce_int,NCT01436110,como_ct,0.000e+00,0.000e+00,NA,NA
asce_int,NCT01436110,male,0.000e+00,0.000e+00,NA,NA
asce_int,NCT01436110,black,-0.000e+00,0.000e+00,NA,NA
asce_int,NCT01436110,asian,-0.000e+00,0.000e+00,NA,NA
asce_int,NCT01436110,nativ,0.000e+00,0.000e+00,NA,NA
asce_int,NCT01436110,other,-0.000e+00,0.000e+00,NA,NA
asce_int,NCT01436110,male:black,0.000e+00,0.000e+00,NA,NA
asce_int,NCT01436110,male:asian,-0.000e+00,0.000e+00,NA,NA
asce_int,NCT01436110,male:nativ,0.000e+00,0.000e+00,NA,NA
asce_int,NCT01436110,male:other,  NA,  NA,NA,NA
asce_int,NCT01691521,(Intercept),-0.000e+00,0.000e+00,NA,NA
asce_int,NCT01691521,age10,-0.000e+00,0.000e+00,NA,NA
asce_int,NCT01691521,como_ct,-0.000e+00,0.000e+00,NA,NA
asce_int,NCT01691521,male,0.000e+00,0.000e+00,NA,NA
asce_int,NCT01691521,black,0.000e+00,0.000e+00,NA,NA
asce_int,NCT01691521,asian,0.000e+00,0.000e+00,NA,NA
asce_int,NCT01691521,nativ,0.000e+00,0.000e+00,NA,NA
asce_int,NCT01691521,other,0.000e+00,0.000e+00,NA,NA
asce_int,NCT01691521,male:black,-0.000e+00,0.000e+00,NA,NA
asce_int,NCT01691521,male:asian,0.000e+00,0.000e+00,NA,NA
asce_int,NCT01691521,male:nativ,  NA,  NA,NA,NA
asce_int,NCT01691521,male:other,  NA,  NA,NA,NA
asce_int,NCT00289198,(Intercept),2.976e-01,1.229e-01,2.4210031395144385,0.01671382101699292
asce_int,NCT00289198,age10,1.055e-02,2.638e-02,0.400056949012104,0.6897033148684069
asce_int,NCT00289198,como_ct,-4.118e-02,5.366e-02,-0.7675181534926762,0.44402151360873976
asce_int,NCT00289198,male,1.213e-01,8.433e-02,1.4379074233702,0.15261501673708242
asce_int,NCT00289198,black,  NA,  NA,NA,NA
asce_int,NCT00289198,asian,3.696e-01,2.035e-01,1.8166597545094008,0.07133447199004467
asce_int,NCT00289198,nativ,  NA,  NA,NA,NA
asce_int,NCT00289198,other,6.961e-01,4.821e-01,1.4439372473673826,0.1509138251238654
asce_int,NCT00289198,male:black,  NA,  NA,NA,NA
asce_int,NCT00289198,male:asian,-4.576e-01,3.521e-01,-1.299396218041875,0.19587016464028736
asce_int,NCT00289198,male:nativ,  NA,  NA,NA,NA
asce_int,NCT00289198,male:other,-6.081e-01,5.940e-01,-1.023729399999949,0.3076679900618467
asce_int,NCT01772134,(Intercept),2.329e-01,1.265e-01,1.840893359799428,0.06615763992448596
asce_int,NCT01772134,age10,-1.377e-02,2.015e-02,-0.683288616203042,0.4947026128901624
asce_int,NCT01772134,como_ct,2.191e-02,1.353e-02,1.6195347693438193,0.10588632878648262
asce_int,NCT01772134,male,-1.592e-03,3.533e-02,-0.045077301356343996,0.964061508961122
asce_int,NCT01772134,black,6.425e-03,1.765e-01,0.036392791581631535,0.9709819255021794
asce_int,NCT01772134,asian,-1.825e-01,2.769e-01,-0.6589922582629427,0.5101673276181073
asce_int,NCT01772134,nativ,-1.901e-01,3.916e-01,-0.4853904518414906,0.6275862401986692
asce_int,NCT01772134,other,-1.653e-01,3.908e-01,-0.4229722700146945,0.6724753012231028
asce_int,NCT01772134,male:black,-6.259e-02,2.250e-01,-0.2781343523133819,0.7810102639917605
asce_int,NCT01772134,male:asian,9.280e-02,2.859e-01,0.324601368509964,0.7456020913720336
asce_int,NCT01772134,male:nativ,  NA,  NA,NA,NA
asce_int,NCT01772134,male:other,  NA,  NA,NA,NA
asce_int,NCT00123903,(Intercept),4.908e-01,2.287e-01,2.1462194040106466,0.03327371998265293
asce_int,NCT00123903,age10,3.387e-03,3.701e-02,0.09151747984471871,0.9271891670850488
asce_int,NCT00123903,como_ct,4.801e-02,3.219e-02,1.491540541031761,0.13767293814161677
asce_int,NCT00123903,male,-6.655e-02,8.851e-02,-0.7518741959399512,0.45316641800831936
asce_int,NCT00123903,black,6.056e-02,1.359e-01,0.44553693647584247,0.6564986261300347
asce_int,NCT00123903,asian,-2.411e-01,1.802e-01,-1.3381918387074918,0.18262104317361574
asce_int,NCT00123903,nativ,  NA,  NA,NA,NA
asce_int,NCT00123903,other,  NA,  NA,NA,NA
asce_int,NCT00123903,male:black,-1.954e-01,2.159e-01,-0.9052821708136334,0.3665971308859224
asce_int,NCT00123903,male:asian,1.399e-01,2.458e-01,0.5692866982441928,0.5699130073070686
asce_int,NCT00123903,male:nativ,  NA,  NA,NA,NA
asce_int,NCT00123903,male:other,  NA,  NA,NA,NA
asce_int,NCT00273052,(Intercept),5.399e-02,8.717e-02,0.6193141340897117,0.5361643110610894
asce_int,NCT00273052,age10,1.507e-04,1.497e-02,0.0100711344388714,0.991971011187724
asce_int,NCT00273052,como_ct,1.492e-02,1.427e-02,1.04573900779756,0.296496257791024
asce_int,NCT00273052,male,-1.822e-02,3.148e-02,-0.5789811924958832,0.5630223084484294
asce_int,NCT00273052,black,1.409e-01,8.905e-02,1.5827230073367482,0.11450425988297062
asce_int,NCT00273052,asian,-6.976e-02,1.512e-01,-0.46130129226481925,0.6449059570141242
asce_int,NCT00273052,nativ,-6.969e-02,2.601e-01,-0.26794975859045433,0.7889161919991048
asce_int,NCT00273052,other,1.729e-01,1.314e-01,1.3152411229383014,0.1894008746755555
asce_int,NCT00273052,male:black,-1.957e-01,1.261e-01,-1.5520441773711038,0.12167193427411335
asce_int,NCT00273052,male:asian,1.466e-02,2.007e-01,0.07301318678556964,0.9418427102899756
asce_int,NCT00273052,male:nativ,1.844e-02,3.681e-01,0.050082077231544266,0.9600892349420305
asce_int,NCT00273052,male:other,-2.243e-01,2.915e-01,-0.7696853272986136,0.44207266052190775
asce_int,NCT00115622,(Intercept),-0.000e+00,0.000e+00,NA,NA
asce_int,NCT00115622,age10,0.000e+00,0.000e+00,NA,NA
asce_int,NCT00115622,como_ct,0.000e+00,0.000e+00,NA,NA
asce_int,NCT00115622,male,0.000e+00,0.000e+00,NA,NA
asce_int,NCT00115622,black,0.000e+00,0.000e+00,NA,NA
asce_int,NCT00115622,asian,  NA,  NA,NA,NA
asce_int,NCT00115622,nativ,-0.000e+00,0.000e+00,NA,NA
asce_int,NCT00115622,other,0.000e+00,0.000e+00,NA,NA
asce_int,NCT00115622,male:black,0.000e+00,0.000e+00,NA,NA
asce_int,NCT00115622,male:asian,  NA,  NA,NA,NA
asce_int,NCT00115622,male:nativ,0.000e+00,0.000e+00,NA,NA
asce_int,NCT00115622,male:other,0.000e+00,0.000e+00,NA,NA
asce_int,NCT00117325,(Intercept),9.531e-02,4.194e-02,2.27255383595261,0.024155213165520866
asce_int,NCT00117325,age10,-1.425e-02,8.064e-03,-1.7672555635956078,0.07876580148156222
asce_int,NCT00117325,como_ct,-2.668e-03,1.318e-02,-0.2023915184837482,0.8398238469236665
asce_int,NCT00117325,male,1.998e-02,2.781e-02,0.718229156078031,0.4734845451331736
asce_int,NCT00117325,black,2.196e-01,8.576e-02,2.56078357932122,0.011208038496751704
asce_int,NCT00117325,asian,-5.133e-02,1.707e-01,-0.3007525977007335,0.7639268954985622
asce_int,NCT00117325,nativ,-3.421e-02,1.697e-01,-0.20154110161267444,0.8404877533726618
asce_int,NCT00117325,other,-4.285e-02,1.208e-01,-0.3547486839469118,0.7231652068378671
asce_int,NCT00117325,male:black,-2.717e-01,1.489e-01,-1.8247412872863251,0.06958615374802374
asce_int,NCT00117325,male:asian,  NA,  NA,NA,NA
asce_int,NCT00117325,male:nativ,  NA,  NA,NA,NA
asce_int,NCT00117325,male:other,-3.485e-02,1.713e-01,-0.20338689445677935,0.8390469191791826
asce_int,NCT00118703,(Intercept),9.628e-03,2.247e-02,0.42852198255965535,0.6688738131888752
asce_int,NCT00118703,age10,1.601e-03,4.470e-03,0.35820370418833875,0.7206846048480045
asce_int,NCT00118703,como_ct,-5.400e-03,7.331e-03,-0.7366340121366239,0.4624729483803359
asce_int,NCT00118703,male,-9.149e-03,1.586e-02,-0.5767846068891653,0.5649326113054474
asce_int,NCT00118703,black,-7.583e-03,4.085e-02,-0.18560807202902577,0.8529979602895033
asce_int,NCT00118703,asian,  NA,  NA,NA,NA
asce_int,NCT00118703,nativ,  NA,  NA,NA,NA
asce_int,NCT00118703,other,-2.444e-03,8.168e-02,-0.02992105826982569,0.9761690056525785
asce_int,NCT00118703,male:black,5.619e-03,9.141e-02,0.06147639630524839,0.9510600453878051
asce_int,NCT00118703,male:asian,  NA,  NA,NA,NA
asce_int,NCT00118703,male:nativ,  NA,  NA,NA,NA
asce_int,NCT00118703,male:other,  NA,  NA,NA,NA
asce_int,NCT00609674,(Intercept),-0.000e+00,0.000e+00,NA,NA
asce_int,NCT00609674,age10,-0.000e+00,0.000e+00,NA,NA
asce_int,NCT00609674,como_ct,-0.000e+00,0.000e+00,NA,NA
asce_int,NCT00609674,male,-0.000e+00,0.000e+00,NA,NA
asce_int,NCT00609674,black,-0.000e+00,0.000e+00,NA,NA
asce_int,NCT00609674,asian,0.000e+00,0.000e+00,NA,NA
asce_int,NCT00609674,nativ,0.000e+00,0.000e+00,NA,NA
asce_int,NCT00609674,other,0.000e+00,0.000e+00,NA,NA
asce_int,NCT00609674,male:black,-0.000e+00,0.000e+00,NA,NA
asce_int,NCT00609674,male:asian,  NA,  NA,NA,NA
asce_int,NCT00609674,male:nativ,  NA,  NA,NA,NA
asce_int,NCT00609674,male:other,-0.000e+00,0.000e+00,NA,NA
asce_int,NCT01916226,(Intercept),-0.000e+00,0.000e+00,NA,NA
asce_int,NCT01916226,age10,-0.000e+00,0.000e+00,NA,NA
asce_int,NCT01916226,como_ct,0.000e+00,0.000e+00,NA,NA
asce_int,NCT01916226,male,0.000e+00,0.000e+00,NA,NA
asce_int,NCT01916226,black,0.000e+00,0.000e+00,NA,NA
asce_int,NCT01916226,asian,0.000e+00,0.000e+00,NA,NA
asce_int,NCT01916226,nativ,0.000e+00,0.000e+00,NA,NA
asce_int,NCT01916226,other,0.000e+00,0.000e+00,NA,NA
asce_int,NCT01916226,male:black,-0.000e+00,0.000e+00,NA,NA
asce_int,NCT01916226,male:asian,-0.000e+00,0.000e+00,NA,NA
asce_int,NCT01916226,male:nativ,  NA,  NA,NA,NA
asce_int,NCT01916226,male:other,  NA,  NA,NA,NA
asce_int,NCT00118729,(Intercept),-0.000e+00,0.000e+00,NA,NA
asce_int,NCT00118729,age10,0.000e+00,0.000e+00,NA,NA
asce_int,NCT00118729,como_ct,0.000e+00,0.000e+00,NA,NA
asce_int,NCT00118729,male,0.000e+00,0.000e+00,NA,NA
asce_int,NCT00118729,black,-0.000e+00,0.000e+00,NA,NA
asce_int,NCT00118729,asian,0.000e+00,0.000e+00,NA,NA
asce_int,NCT00118729,nativ,  NA,  NA,NA,NA
asce_int,NCT00118729,other,  NA,  NA,NA,NA
asce_int,NCT00118729,male:black,-0.000e+00,0.000e+00,NA,NA
asce_int,NCT00118729,male:asian,  NA,  NA,NA,NA
asce_int,NCT00118729,male:nativ,  NA,  NA,NA,NA
asce_int,NCT00118729,male:other,  NA,  NA,NA,NA
