model,hier,variable,mean,median,sd,mad,q5,q95,rhat,ess_bulk,ess_tail,2.5%,97.5%,term,lvl,variable_orig,lvl_c,term_c,trials
asce,smpl,b,0.2087628121475,0.2102895,0.06039529830102805,0.06005419560000002,0.1097232,0.3050772,1.004380115734645,680.6212162923331,1183.459529045658,0.08987097,0.327178575,1,0,b[1],pop,Intercept,27
asce,smpl,b,0.01873225001003,0.01873935,0.007486735322026815,0.00728238294,0.0067201625,0.030994969999999997,1.0018886392812991,989.8933467249328,1498.3831395539135,0.004253224,0.033724515000000004,2,0,b[2],pop,age10,27
asce,smpl,b,-0.0295756955691425,-0.0288851,0.022090214422329977,0.021557819429999996,-0.066567605,0.004873194499999997,1.000738874247611,1873.2841821689772,2684.6762896171094,-0.07543842999999999,0.011645235000000006,3,0,b[3],pop,asian,27
asce,smpl,b,0.0501170037765525,0.0506145,0.022481840368247175,0.02140014492,0.01175666,0.08714750999999998,1.0016834022472088,2043.592043667825,3068.3659257973227,0.0028895527499999997,0.09372419250000001,4,0,b[4],pop,black,27
asce,smpl,b,-0.03451313280725,-0.034634899999999996,0.013190736773512814,0.012697505309999994,-0.05583394,-0.013202020000000024,1.0022095362133003,1543.1575879807765,2001.8095460846087,-0.059813235,-0.007719343999999998,5,0,b[5],pop,como_ct,27
asce,smpl,b,-0.048653009371,-0.04825245,0.014871791844482531,0.01440768441,-0.07289947499999999,-0.024622770000000002,1.0002604212376929,2556.9087229107135,3035.117240733016,-0.07790441749999999,-0.01954346249999998,6,0,b[6],pop,male,27
asce,smpl,b,-0.017112175618225,-0.016080650000000002,0.04734752641943592,0.04304721687,-0.094682565,0.05866484999999997,1.0002008217845457,2812.635005985782,2709.4039743360318,-0.11153574999999999,0.07635453250000003,7,0,b[7],pop,nativ,27
asce,smpl,b,0.0059533450456575,0.006560369999999999,0.04309324573198998,0.041592311837999996,-0.06483636,0.07634016499999997,1.0011748551541761,2307.7958221193494,2805.790774419332,-0.080718345,0.08958570000000003,8,0,b[8],pop,other,27
asce,smpl,sd,0.29417851575,0.28996500000000003,0.040827020525088416,0.039223665600000006,0.2362696,0.36705194999999996,1.0000906456114291,1750.3188427813348,2553.067294869319,0.22666987500000002,0.38720577500000003,1,1,sd_1[1],nct_id,Intercept,27
asce,smpl,sd,0.035504176125,0.0350762,0.005351145628917508,0.005234764080000001,0.027735675,0.045022225,1.0012858975847934,2081.408875086981,2766.9777583988057,0.026612410000000003,0.047445605,2,1,sd_1[2],nct_id,age10,27
asce,smpl,sd,0.069131335175,0.06660089999999999,0.016322062593365175,0.014024135789999984,0.04771848,0.09882526499999998,1.0010493140611558,2655.492297553713,3051.624133758789,0.0448771225,0.1081211,3,1,sd_1[3],nct_id,asian,27
asce,smpl,sd,0.0762992922,0.0741724,0.0207449710960643,0.018975575009999995,0.046198924999999995,0.11334194999999998,0.9999925769757463,2957.053770181591,2528.4082628080832,0.0413148875,0.122817525,4,1,sd_1[4],nct_id,black,27
asce,smpl,sd,0.066429799475,0.0655226,0.009845731415237898,0.009209540549999997,0.052216265,0.08439866,1.0040163603275758,1854.9367572054682,2751.5981240928973,0.0499487675,0.0886496675,5,1,sd_1[5],nct_id,como_ct,27
asce,smpl,sd,0.06754016935,0.06589905,0.013047574570182447,0.012097497090000001,0.0486318,0.09110127,1.000167120267422,2113.8410842346193,2862.9868190115085,0.046094645000000004,0.098362535,6,1,sd_1[6],nct_id,male,27
asce,smpl,sd,0.105821668525,0.09694505,0.04627232665970118,0.03736337325,0.05002703,0.18855475,1.0014213168455972,2729.0478428410615,3064.3899044419036,0.0436070775,0.21747632500000005,7,1,sd_1[7],nct_id,nativ,27
asce,smpl,sd,0.1555424751,0.15142850000000002,0.03919906936062883,0.03675513660000003,0.09899128000000001,0.22424424999999995,1.0003391037491094,2955.359285205323,2758.4579490876927,0.09025033,0.24321222500000006,8,1,sd_1[8],nct_id,other,27
asce,cond,b,0.1934870784115,0.1941695,0.075295801994325,0.06944869050000001,0.0663294,0.31675204999999995,1.002718620941285,944.5402189658304,1680.199263308168,0.03950987,0.34518335000000006,1,0,b[1],pop,Intercept,27
asce,cond,b,0.022749451644575,0.0224492,0.010015181562798505,0.00942081105,0.00769728,0.039664454999999994,1.003237851677792,1071.516473597693,1765.6282881636091,0.0044788975000000005,0.0431705375,2,0,b[2],pop,age10,27
asce,cond,b,-0.019608356118165,-0.0203264,0.029033923935650404,0.026125910181000002,-0.06562567,0.026888504999999997,1.0041648015709383,1882.9303532595975,2361.7539474750406,-0.07596652500000001,0.04034462000000001,3,0,b[3],pop,asian,27
asce,cond,b,0.049865881159,0.0499681,0.03136334770106208,0.027496521989999995,-0.001983813999999997,0.09843147499999998,1.0003191342526865,1839.7979655136644,2483.4119776915372,-0.015156347499999997,0.11153637500000001,4,0,b[4],pop,black,27
asce,cond,b,-0.03142558046908,-0.032165799999999994,0.01638313747026387,0.01521733227,-0.05706651,-0.003530687000000006,0.999792126567781,1189.8143018039498,1767.39117214339,-0.0613532,0.002847673500000001,5,0,b[5],pop,como_ct,27
asce,cond,b,-0.04433072239825,-0.044946200000000006,0.026807215287717644,0.023012398290000007,-0.08442313,-0.001059997500000025,1.0000891685147335,1880.1052111781287,1809.6848695649705,-0.09412307999999998,0.014219337500000045,6,0,b[6],pop,male,27
asce,cond,b,-0.0165914844458625,-0.01624285,0.07659269097802554,0.05878471934999999,-0.13951750000000002,0.09710047999999995,1.002199958846746,1950.0833126261537,1838.7043234691873,-0.1752591,0.13805320000000004,7,0,b[7],pop,nativ,27
asce,cond,b,0.0153882318678295,0.0141727,0.05948675869531729,0.05381786109,-0.077373115,0.11633884999999992,1.0016830625744841,1948.3328760826878,2129.7013155969116,-0.0992934275,0.14173280000000002,8,0,b[8],pop,other,27
asce,cond,sd,0.109667915249,0.0954334,0.08172957489090009,0.0785296155,0.009494361000000002,0.2654678,1.0043658205505048,646.8316667448656,1783.1296558111624,0.005330574,0.30950350000000004,1,1,sd_1[1],cond,Intercept,27
asce,cond,sd,0.015459962324155,0.0139093,0.010498153619293954,0.010259962650000001,0.0014583340000000001,0.03489625499999999,1.0015798593917618,789.9234569557282,1404.8013260381697,8.300736500000001e-4,0.04077731000000002,2,1,sd_1[2],cond,age10,27
asce,cond,sd,0.037124001587395,0.030540499999999998,0.03059091000877637,0.025813326209999998,0.002706674,0.09529090499999998,1.0021291382205464,1210.5906109029704,1698.93219541497,0.00135152475,0.1164778250000001,3,1,sd_1[3],cond,asian,27
asce,cond,sd,0.0351619413168525,0.026738,0.03163134142944624,0.024869984895,0.002419328,0.0961266749999998,1.0008789954222248,1907.8347978042134,1787.485540270983,0.0011048422500000003,0.119355375,4,1,sd_1[4],cond,black,27
asce,cond,sd,0.02213045462082,0.0185711,0.017256916892617484,0.015484867439999998,0.0017564260000000002,0.05411913999999998,1.002096147277873,1065.7577870602054,1794.144034803868,9.63044975e-4,0.064835205,5,1,sd_1[5],cond,como_ct,27
asce,cond,sd,0.04736011683725,0.04113845,0.031213181641865845,0.024463344780000004,0.010348739999999999,0.10121384999999988,1.0016364792529742,1123.500868855848,1273.682179444634,0.006570007000000001,0.12559000000000003,6,1,sd_1[6],cond,male,27
asce,cond,sd,0.084179546085725,0.058900850000000005,0.08550006205908474,0.05739337338,0.0054617960000000005,0.24609094999999997,1.002372232548971,1753.5380314624247,2049.0366086089366,0.0029767687500000003,0.31271650000000006,7,1,sd_1[7],cond,nativ,27
asce,cond,sd,0.0791451665054,0.06354265,0.06601347067590477,0.05565354227999999,0.005350496000000001,0.20338315,1.002373094429682,1706.1264383252592,2046.0972032796242,0.0026875332500000005,0.24358770000000007,8,1,sd_1[8],cond,other,27
asce,cond,sd,0.2838002685,0.279888,0.04451841666692045,0.04319110319999998,0.21701684999999998,0.36260729999999997,1.0005257451756584,1099.8890304820327,2015.1299266915041,0.207111575,0.38070912500000004,1,2,sd_2[1],nct_id,Intercept,27
asce,cond,sd,0.0336351435,0.0333402,0.0053785554161906715,0.005287396379999999,0.025495695,0.04293033,1.0003123909739566,1404.9164229110856,2615.4685749612695,0.024290582499999998,0.0450071625,2,2,sd_2[2],nct_id,age10,27
asce,cond,sd,0.067974963775,0.06523145,0.018065814824111726,0.01583520582,0.04453563,0.10187389999999999,1.0006323506293706,1933.6651860387044,2259.9521308363196,0.041096477500000006,0.11091710000000002,3,2,sd_2[3],nct_id,asian,27
asce,cond,sd,0.079137228725,0.07723005,0.02256730294667939,0.022032103169999994,0.04637228,0.11857154999999998,1.0015008773365233,1990.5068138702063,2290.7994841490513,0.04091954,0.12747392500000002,4,2,sd_2[4],nct_id,black,27
asce,cond,sd,0.065362142975,0.06435455,0.009999631621324168,0.009820075229999998,0.051004524999999995,0.08297053999999993,1.003711687178283,1365.3053641092147,1587.3728691894037,0.048716430000000005,0.087885455,5,2,sd_2[5],nct_id,como_ct,27
asce,cond,sd,0.05973509875,0.0582636,0.012871623337428485,0.01212929886,0.041473815,0.08308536999999999,1.0003704100256468,2224.968699162622,2754.9969793697633,0.038089512500000006,0.08863937500000003,6,2,sd_2[6],nct_id,male,27
asce,cond,sd,0.113925923025,0.105244,0.04861338419603736,0.04215669317999999,0.052675115,0.20618164999999997,0.9999311862481607,2363.262534018586,2749.505156285518,0.04654409500000001,0.23323585000000005,7,2,sd_2[7],nct_id,nativ,27
asce,cond,sd,0.14428823885,0.1409365,0.03978136391226513,0.0373570722,0.085322125,0.21581489999999992,1.000685306386892,2343.8760822245767,2717.435636411606,0.07660562,0.23203269999999998,8,2,sd_2[8],nct_id,other,27
asce,cmpr_cond,b,0.201912550210025,0.20171850000000002,0.08437989153379596,0.08116567830000002,0.06341313500000001,0.3358084499999999,1.0003784733942291,2561.7987650488944,2710.0992010735195,0.0381446925,0.37098135000000004,1,0,b[1],pop,Intercept,27
asce,cmpr_cond,b,0.0184548899414975,0.0181848,0.010891033887397171,0.010241059499999998,0.0010764285000000005,0.036248425,1.0009566862957224,2267.792948317031,2761.914497303734,-0.0027016514999999995,0.04066573750000001,2,0,b[2],pop,age10,27
asce,cmpr_cond,b,-0.0233496203429975,-0.0229467,0.0331945617064354,0.030256737714,-0.07866580499999999,0.030065499999999967,1.000935256297527,3143.9751102928685,2971.4431714493217,-0.0899536775,0.04417653250000002,3,0,b[3],pop,asian,27
asce,cmpr_cond,b,0.0456207258114,0.04596345,0.03444357244069126,0.03114408863999999,-0.01158947,0.10146929999999997,1.0003122443868901,2989.1534901287414,2911.5448994605695,-0.026700605,0.11286260000000002,4,0,b[4],pop,black,27
asce,cmpr_cond,b,-0.0252477327894,-0.02646045,0.020987850806063253,0.019194184379999996,-0.056363075,0.010993494999999994,1.0017077891509383,2419.6981464228074,1998.5099838716803,-0.0622057075,0.01938953,5,0,b[5],pop,como_ct,27
asce,cmpr_cond,b,-0.0417504081745525,-0.042020600000000005,0.02958123120919669,0.02409358433999999,-0.087340135,0.004935998999999992,1.0006861996765952,2530.552615664408,2307.0322160318096,-0.098625035,0.018221295000000016,6,0,b[6],pop,male,27
asce,cmpr_cond,b,-0.0190039797486125,-0.0170564,0.08149526318627337,0.06618541376999999,-0.15341095,0.10822954999999995,1.0017251403909226,2974.144478926897,2497.537297126395,-0.19584027499999995,0.147696375,7,0,b[7],pop,nativ,27
asce,cmpr_cond,b,0.0179589335803825,0.018238249999999998,0.06335474367019613,0.05682857691,-0.08406528,0.12052609999999998,1.0009682311761152,3142.459326248072,2957.371499670632,-0.10564075,0.14613515000000002,8,0,b[8],pop,other,27
asce,cmpr_cond,sd,0.21727081831275,0.220926,0.08954272665441208,0.08164752329999997,0.051639435000000004,0.3587445,1.0091959738314331,484.3295784168294,978.041659810539,0.030233187500000005,0.3885761750000001,1,1,sd_1[1],cmpr,Intercept,27
asce,cmpr_cond,sd,0.02525419856375,0.0262617,0.0116956890410803,0.011185401570000001,0.0041232075,0.043712369999999987,1.011165823328688,400.1622943972912,862.5955807649742,0.0020560302500000002,0.0481877275,2,1,sd_1[2],cmpr,age10,27
asce,cmpr_cond,sd,0.063162476251475,0.06321905,0.031386321962136414,0.027640853099999998,0.010020956000000003,0.11656409999999993,1.0050283532981266,801.9279463592148,1414.5965349688538,0.0052168795,0.1315726,3,1,sd_1[3],cmpr,asian,27
asce,cmpr_cond,sd,0.050279861042225,0.04586535,0.03478993873170803,0.035826287699999994,0.004229167000000001,0.1147318,1.0049780066310576,1058.344166204403,2211.8477789855388,0.002165169,0.13156637500000007,4,1,sd_1[4],cmpr,black,27
asce,cmpr_cond,sd,0.047596622621755,0.047871,0.023582101424059393,0.023040048780000003,0.008076017500000001,0.08572501999999997,1.0130190205486078,457.0545000650653,940.412039348027,0.00368995725,0.09507111750000007,5,1,sd_1[5],cmpr,como_ct,27
asce,cmpr_cond,sd,0.03490643766895,0.03216175,0.02203251564719819,0.021686583239999998,0.0041722255000000005,0.07534306999999997,1.0041854202828884,789.616787343921,1191.569076378941,0.0018170940000000002,0.08581631750000002,6,1,sd_1[6],cmpr,male,27
asce,cmpr_cond,sd,0.089582642128215,0.07875779999999999,0.06429326307759753,0.055202757749999984,0.008580226000000003,0.21109829999999988,1.0019525269247676,1738.5413713005144,2023.937279306356,0.00462332125,0.24745905,7,1,sd_1[7],cmpr,nativ,27
asce,cmpr_cond,sd,0.108892057371,0.105449,0.06266579294754124,0.06544151922000001,0.014479480000000005,0.2174185,1.0082608320220614,1136.3937120426956,1927.696424751579,0.007963827250000001,0.24437365,8,1,sd_1[8],cmpr,other,27
asce,cmpr_cond,sd,0.095450648764725,0.0722673,0.08468753153436714,0.06930354395999999,0.0054449605,0.2592509999999998,1.0052299467361854,1587.3511360185091,2127.9266511041346,0.0029025170000000003,0.31869327500000005,1,2,sd_2[1],cond,Intercept,27
asce,cmpr_cond,sd,0.012519390848965,0.01025825,0.01006646725372935,0.009435555507000001,9.832944000000004e-4,0.031887829999999985,1.0023979591200238,1392.0251999658349,2630.6273166206756,4.859023e-4,0.036319040000000004,2,2,sd_2[2],cond,age10,27
asce,cmpr_cond,sd,0.0398173140123,0.03150155,0.033739914636161675,0.027462718709999993,0.0030882650000000006,0.10510569999999997,1.0011949381314775,2382.8954698716443,2824.91249151589,0.0016325340000000002,0.12602085000000007,3,2,sd_2[3],cond,asian,27
asce,cmpr_cond,sd,0.036970978830725,0.028365099999999997,0.033670843531852235,0.026859226379999997,0.0027506615000000003,0.10002934999999996,1.0019575444324438,2598.348708660966,2444.794454280659,0.0013880025000000001,0.12319110000000003,4,2,sd_2[4],cond,black,27
asce,cmpr_cond,sd,0.02811118549134,0.023378700000000002,0.021437408664698617,0.01929240663,0.0026350405,0.06854282499999999,1.002651965101605,1071.29577294558,2226.4286339564133,0.0014518660000000002,0.0796230325,5,2,sd_2[5],cond,como_ct,27
asce,cmpr_cond,sd,0.05197500381,0.0461145,0.03362416462278362,0.027276578279999998,0.0096135305,0.11288324999999995,1.0026191301745233,1230.5667767759817,1491.6807486518776,0.004410763,0.136620925,6,2,sd_2[6],cond,male,27
asce,cmpr_cond,sd,0.089369413737325,0.06262229999999999,0.09022120339431064,0.06125517573,0.005064292,0.25640089999999993,1.001915962640683,2641.505936676573,2417.7364129492703,0.0026538920000000006,0.3230881500000001,7,2,sd_2[7],cond,nativ,27
asce,cmpr_cond,sd,0.07408513609335,0.0567884,0.06694764600413626,0.05247114138000001,0.0050672415,0.19645094999999985,1.0004531924543223,2854.1061315281995,2436.8413296929225,0.0023016764999999996,0.24530547500000008,8,2,sd_2[8],cond,other,27
asce,cmpr_cond,sd,0.191758648175,0.18495099999999998,0.0604431451088086,0.06183183299999996,0.10634725,0.30010899999999996,1.0102633300009431,583.2913641836279,1809.034636284208,0.09554151749999999,0.31968460000000004,1,3,sd_3[1],nct_id,Intercept,27
asce,cmpr_cond,sd,0.0226275853205,0.0220596,0.008615201439423948,0.009131481659999996,0.0098056145,0.03756543999999999,1.0072486193461845,512.0866679581732,1810.6579348774587,0.00797285725,0.04029725000000001,2,3,sd_3[2],nct_id,age10,27
asce,cmpr_cond,sd,0.037621125437635,0.03291845,0.02764644080652211,0.029993072129999996,0.0030273245000000002,0.08716047999999996,1.0061714774707742,740.3697446055115,2322.6203694162728,0.0013666589999999999,0.0987995175,3,3,sd_3[3],nct_id,asian,27
asce,cmpr_cond,sd,0.062191058832175,0.06263805,0.029875597495672018,0.02847340713,0.010623854999999998,0.11021284999999997,1.0021157227569364,1020.2112120999632,1059.6140469541508,0.0053544725000000005,0.124204825,4,3,sd_3[4],nct_id,black,27
asce,cmpr_cond,sd,0.0449907554325,0.044535000000000005,0.015252975041209243,0.015710815680000004,0.01992265,0.06994715499999998,1.0082417470217788,510.5245721219936,852.2634794534213,0.015414117500000001,0.07488945250000001,5,3,sd_3[5],nct_id,como_ct,27
asce,cmpr_cond,sd,0.05065016538075,0.0502267,0.016366577344412304,0.015404139869999996,0.02388761,0.07742057499999995,1.0018437342454851,1070.845584064623,922.1430134860419,0.0179020875,0.08227389,6,3,sd_3[6],nct_id,male,27
asce,cmpr_cond,sd,0.0800512853364,0.0714272,0.05594839939036368,0.05158462071,0.0076172705,0.18141464999999993,1.0018625224507274,2374.8161129657574,1941.639165618202,0.003930060250000001,0.21595600000000015,7,3,sd_3[7],nct_id,nativ,27
asce,cmpr_cond,sd,0.1053306079925,0.100433,0.045209614929584314,0.04537860536999999,0.04185845,0.1858816999999999,1.002374106576305,1481.1432307534453,2430.4343915207,0.035266305,0.2085527,8,3,sd_3[8],nct_id,other,27
as,cond,b,0.2438779278275,0.24510900000000002,0.07297230198662973,0.06691270320000002,0.1247781,0.3618565499999999,1.0003650094489096,1347.0602725415029,2061.554394631082,0.09564645750000002,0.38881087500000006,1,0,b[1],pop,Intercept,52
as,cond,b,0.0070963942745325,0.00769005,0.010155069846500251,0.009069916695,-0.010249549999999998,0.022553659999999996,1.0006370999565664,1609.30849269111,1576.9720165781312,-0.014979717499999998,0.026259585000000002,2,0,b[2],pop,age10,52
as,cond,b,-0.02776538180099,-0.02803945,0.020321459117147174,0.01889862807,-0.060285355,0.0052197269999999935,1.0024868200609849,2084.9687337514733,2633.1770131345274,-0.06756286500000001,0.012654837500000009,3,0,b[3],pop,male,52
as,cond,sd,0.2065176386075,0.199287,0.07908284591501744,0.07248653789999998,0.09205099000000001,0.34524079999999985,1.0031346204664466,737.9567037498674,877.9608913276196,0.072615375,0.38490805000000006,1,1,sd_1[1],cond,Intercept,52
as,cond,sd,0.0272815681162,0.02728395,0.01416813785666595,0.013939924110000002,0.0038710775000000003,0.05065913,1.0060291026182508,377.4367397176335,719.6549912821448,0.00222755625,0.05534705250000001,2,1,sd_1[2],cond,age10,52
as,cond,sd,0.053131026835,0.04961625,0.02069141333864805,0.01791418167,0.026275414999999996,0.09125743499999996,1.0010828498078799,1619.6959052011293,1860.733207933857,0.0222684675,0.10310740000000003,3,1,sd_1[3],cond,male,52
as,cond,sd,0.213309781,0.2100755,0.029651644292987504,0.028919595599999993,0.1695559,0.2665334499999999,1.0024477373107017,996.6006019635352,1557.7787415432538,0.1631885,0.279233025,1,2,sd_2[1],nct_id,Intercept,52
as,cond,sd,0.026027278975,0.025638050000000003,0.004662794124390124,0.004703177849999999,0.019052645,0.03420752,1.0039821562427087,548.4067609715087,1452.7095310597688,0.0180019625,0.0360354475,2,2,sd_2[2],nct_id,age10,52
as,cond,sd,0.05152143215,0.05083315,0.008379684796984347,0.008148591990000002,0.038835295,0.066307795,1.004611555995192,1436.7761009350038,2526.005872428016,0.03697048000000001,0.0694910175,3,2,sd_2[3],nct_id,male,52
as,cmpr_cond,b,0.2409537786425,0.241413,0.06932513451126099,0.0657043842,0.1260313,0.35237605,1.0011479040813245,2564.7070372164776,2705.66327046103,0.1046685,0.374672875,1,0,b[1],pop,Intercept,52
as,cmpr_cond,b,0.00683964728628,0.007323125,0.010575997017382143,0.009910031985,-0.011077819999999999,0.023016784999999988,1.002332461708854,2745.2259117987787,2430.3666174890127,-0.014627885,0.026934605,2,0,b[2],pop,age10,52
as,cmpr_cond,b,-0.029232956258675,-0.0298917,0.020673602209002606,0.019150447680000002,-0.06117076,0.005406388499999988,1.001027174418431,3312.7872155487175,2674.227567046084,-0.0692423675,0.013748140000000008,3,0,b[3],pop,male,52
as,cmpr_cond,sd,0.129111676445,0.13035049999999998,0.049552714837633995,0.045494099909999995,0.04179858,0.2098920999999999,1.0035105566180813,817.9386445917926,774.658886678621,0.0248267775,0.22941435000000004,1,1,sd_1[1],cmpr,Intercept,52
as,cmpr_cond,sd,0.0071081205490175,0.00606334,0.005223376482001255,0.005172235425,5.9329575e-4,0.01694376,1.004176415258169,1290.9118651140245,1961.5624431927097,2.8313162500000005e-4,0.0194621825,2,1,sd_1[2],cmpr,age10,52
as,cmpr_cond,sd,0.0163913276757175,0.01419335,0.012125785723798292,0.012000460919999999,0.001373543,0.038657794999999995,1.00040720180306,1443.8058686981572,2349.84530255383,6.724162000000002e-4,0.04413824000000001,3,1,sd_1[3],cmpr,male,52
as,cmpr_cond,sd,0.164738485909,0.15929500000000002,0.08199549057792405,0.07589725920000001,0.032528060000000004,0.3071530499999999,1.0012682946989286,626.7868955862155,856.0555968648619,0.01706645,0.3473264750000001,1,2,sd_2[1],cond,Intercept,52
as,cmpr_cond,sd,0.028985843513,0.028569749999999998,0.01354695906305212,0.012681493229999997,0.006549209,0.051713835,1.0075940612519674,652.6681910432831,972.2829332980364,0.0034036982500000004,0.057492700000000035,2,2,sd_2[2],cond,age10,52
as,cmpr_cond,sd,0.05068050456225,0.047682100000000005,0.020756244045006214,0.017193119159999996,0.022655244999999997,0.08750471499999998,1.0009563816871128,2101.8949651954,1607.3597038461726,0.0178760175,0.09984746250000001,3,2,sd_2[3],cond,male,52
as,cmpr_cond,sd,0.1910162885,0.188981,0.030150454851945643,0.029712045299999983,0.14510944999999997,0.2445136,1.0026826202488928,1442.863809797759,2251.175034849443,0.13891192500000002,0.25824189999999997,1,3,sd_3[1],nct_id,Intercept,52
as,cmpr_cond,sd,0.02515407195,0.024730250000000002,0.004426162676566809,0.004371149580000003,0.018672885000000004,0.03310385499999999,1.0033284635873443,1181.3661697814207,2008.5468125040807,0.017602777499999996,0.034711412500000004,2,3,sd_3[2],nct_id,age10,52
as,cmpr_cond,sd,0.05129406205,0.05071695,0.008559325567031867,0.008185953509999996,0.038485475,0.066550145,1.0011776823751988,2403.972138855009,3075.925011427397,0.03620911999999999,0.06998661,3,3,sd_3[3],nct_id,male,52
cc,cond,b,0.3023914319125,0.30100099999999996,0.054106246553057964,0.04959148739999997,0.21774700000000002,0.3883213,1.0007927771797156,2021.3089572102324,2395.497087608629,0.199509475,0.40943870000000004,1,0,b[1],pop,Intercept,31
cc,cond,b,-0.025843488604625,-0.0258877,0.01280520986228907,0.011949904259999998,-0.046324865,-0.00465701850000002,1.0012850604732666,1918.9837347550272,2360.2016564715977,-0.050461455,9.82432675000004e-4,2,0,b[2],pop,como_ct,31
cc,cond,sd,0.090538890689665,0.0820768,0.06140727476961145,0.05925522245999999,0.010749485000000001,0.20275994999999988,1.0026561551808513,678.4856399183459,1509.6322998723504,0.00521123025,0.23409275000000007,1,1,sd_1[1],cond,Intercept,31
cc,cond,sd,0.0149423205913265,0.0121225,0.012378886394211369,0.010995057968999999,0.001052191,0.038720309999999994,1.0020169901645792,1179.2621539855509,1951.6207729954274,5.501201500000001e-4,0.04465505,2,1,sd_1[2],cond,como_ct,31
cc,cond,sd,0.2085626855,0.205927,0.03165215007802361,0.03023243789999999,0.16253155,0.26482745,1.0004308094214696,1198.573679403266,2112.577651856503,0.154055125,0.28167689999999995,1,2,sd_2[1],nct_id,Intercept,31
cc,cond,sd,0.0589216784,0.05791305,0.008755143325739848,0.0082543755000000045,0.046395825,0.07475039999999998,1.0003445169849683,1807.968596093332,2712.789071205437,0.0447404025,0.07863508250000004,2,2,sd_2[2],nct_id,como_ct,31
cc,cmpr_cond,b,0.301075239095,0.3021855,0.06895284669087644,0.0631557948,0.18819425,0.41423574999999996,1.0019869831329562,2460.999536271995,2201.4260621718827,0.16245210000000002,0.438956975,1,0,b[1],pop,Intercept,31
cc,cmpr_cond,b,-0.023477369950275,-0.02415875,0.017717690426950518,0.01661186583,-0.052032365,0.006518046499999979,1.0037393243126005,2450.3779373421453,2520.2056256181604,-0.0574651025,0.014115595000000005,2,0,b[2],pop,como_ct,31
cc,cmpr_cond,sd,0.16784704909025,0.166394,0.06546132906369263,0.061594616999999977,0.05812165,0.27715334999999997,1.0207210759295287,515.2157784330219,964.8190245842895,0.03538411,0.30252904999999997,1,1,sd_1[1],cmpr,Intercept,31
cc,cmpr_cond,sd,0.039070755396075,0.0385352,0.02118124955995423,0.02211268248,0.005482792500000002,0.07497537,1.008364046514215,585.1015029509424,1184.7864483463568,0.003000556,0.0833650075,2,1,sd_1[2],cmpr,como_ct,31
cc,cmpr_cond,sd,0.126431165831325,0.1208085,0.07363038826545996,0.06837313833,0.020871445000000002,0.25702519999999995,1.0088196089383412,799.4203360433353,1815.2914578849582,0.0118018275,0.29438060000000005,1,2,sd_2[1],cond,Intercept,31
cc,cmpr_cond,sd,0.024645986409525,0.022296700000000003,0.01741520422004567,0.016752638699999996,0.002109556,0.055827819999999986,1.0083211058088495,706.9657585564769,1784.9887544530309,0.0010684757500000004,0.064298325,2,2,sd_2[2],cond,como_ct,31
cc,cmpr_cond,sd,0.135553509075,0.1303115,0.043624429201324866,0.04591589961,0.07389546,0.21255055,1.0249299824650746,401.3843072063486,1284.5873376329362,0.06769372750000001,0.231618525,1,3,sd_3[1],nct_id,Intercept,31
cc,cmpr_cond,sd,0.0461519699,0.04613645,0.012439422881454948,0.013094693850000004,0.026530190000000002,0.06677884,1.005551080309389,686.3561675146643,1623.3254293705313,0.02369575,0.0712556625,2,3,sd_3[2],nct_id,como_ct,31
eth,cond,b,0.283780333875,0.285678,0.05768985444220422,0.053388425999999975,0.18715754999999998,0.3765844999999999,1.001883315804134,1612.2989607133295,1852.518429744299,0.16156195,0.39553380000000005,1,0,b[1],pop,Intercept,45
eth,cond,b,-0.018153077132625,-0.01877355,0.03083636706792761,0.030288146595,-0.067679325,0.03393388999999997,1.0002015097795858,2334.6715710069752,2667.159597158442,-0.0766730325,0.04330737750000008,2,0,b[2],pop,asian,45
eth,cond,b,0.03953304478325,0.0400133,0.02267058580469784,0.021739215540000002,0.0016603475000000008,0.07494996500000001,1.0015222113353015,2541.448481986865,2903.6282870818627,-0.0062801672499999996,0.08316254250000002,3,0,b[3],pop,black,45
eth,cond,b,-0.056576376990875,-0.0571558,0.0400035442009463,0.03710021175,-0.1201808,0.01003537999999998,0.999830046966892,2764.052248222806,2837.895841675889,-0.13396557499999998,0.027398612500000013,4,0,b[4],pop,nativ,45
eth,cond,b,0.0092078540176125,0.00962569,0.042542228082780284,0.040059466524,-0.05925294,0.07759972499999997,1.000115023363452,3232.7204617931507,3185.0446107397333,-0.0766411875,0.0931422475,5,0,b[5],pop,other,45
eth,cond,sd,0.159510810175,0.1509115,0.05815257182151627,0.05070566129999999,0.081124225,0.26737140000000004,1.0028877864130048,985.8293548281599,1287.9599212700243,0.07062549250000001,0.300538375,1,1,sd_1[1],cond,Intercept,45
eth,cond,sd,0.0505861183718,0.04722115,0.03100874135521328,0.030620730840000002,0.0074312725,0.1078126,1.000841729266852,1168.2136197462437,2036.5480664339248,0.004442772499999999,0.12202757500000004,2,1,sd_1[2],cond,asian,45
eth,cond,sd,0.025930550869325,0.02089125,0.021451697665698717,0.018497725617,0.001845287,0.06753873999999999,1.0023389170720358,1752.1778118505108,2419.274482205842,9.583301750000001e-4,0.079887765,3,1,sd_1[3],cond,black,45
eth,cond,sd,0.04529354647275,0.03501075,0.04070730912900533,0.032863015079999995,0.0028375600000000003,0.12491499999999993,1.0007721867460913,2139.0720342649097,2050.693202316158,0.0013380090000000002,0.1507754750000002,4,1,sd_1[4],cond,nativ,45
eth,cond,sd,0.0639303956804,0.055410100000000004,0.04811504707084084,0.04398370115999999,0.004954083000000001,0.15318644999999997,1.0011635373969971,1439.1368884946698,1684.8685045721977,0.0025078505,0.18013357500000005,5,1,sd_1[5],cond,other,45
eth,cond,sd,0.164840631,0.1625505,0.019992809385004282,0.018622197299999983,0.1358604,0.20170795,1.0011633015340722,1222.9947911068218,1691.6582451858471,0.13197107500000002,0.21131275,1,2,sd_2[1],nct_id,Intercept,45
eth,cond,sd,0.11139173895,0.1088985,0.019029466820270447,0.017863402620000003,0.08465971,0.14684114999999998,1.0004392993110678,1660.0629582005952,2421.7024324681215,0.08146359,0.1568327,2,2,sd_2[2],nct_id,asian,45
eth,cond,sd,0.09964216875,0.0982422,0.015812456049250884,0.01530673305,0.07630115,0.1280017,1.00092877161931,2388.8411145087484,3018.3436429465523,0.0729308675,0.134496475,3,2,sd_2[3],nct_id,black,45
eth,cond,sd,0.128663739075,0.12507000000000001,0.025471646188097333,0.023294611200000023,0.09394778499999999,0.17449889999999996,1.0002970987216009,2834.9459964214234,2875.0098219964834,0.08916232,0.1883164,4,2,sd_2[4],nct_id,nativ,45
eth,cond,sd,0.148577275775,0.14666200000000001,0.029283628742378668,0.028592682300000016,0.10369319999999999,0.19989529999999994,0.999715160178648,2827.5726826071295,2967.5180198560424,0.0976420775,0.2139731,5,2,sd_2[5],nct_id,other,45
eth,cmpr_cond,b,0.27616490998,0.276036,0.06900508261463907,0.06503424900000002,0.16412275,0.38834504999999986,1.0035059946229454,1683.7889983108355,2179.7391208201448,0.140388125,0.41562492500000003,1,0,b[1],pop,Intercept,45
eth,cmpr_cond,b,-0.018621617212925,-0.0193275,0.03470058171911509,0.031755342381,-0.07393285000000001,0.03992480499999998,1.0019559392957391,2018.99161271322,2600.691854443317,-0.0863562125,0.05216172750000001,2,0,b[2],pop,asian,45
eth,cmpr_cond,b,0.0414997201371,0.0413528,0.024710964505624853,0.023836649760000005,4.580842000000014e-4,0.08116472499999998,1.0005973518336901,2383.8653815324383,2701.249972632874,-0.007506740999999997,0.08919734,3,0,b[3],pop,black,45
eth,cmpr_cond,b,-0.05089352633703,-0.052075250000000003,0.04887814312908325,0.04505361945,-0.12903155,0.03003588499999996,1.0002794007345763,2590.4947354793835,2730.711078712147,-0.14448912500000002,0.04874801500000007,4,0,b[4],pop,nativ,45
eth,cmpr_cond,b,0.0225088258376075,0.02159005,0.04371304698774489,0.040782893780999994,-0.048360694999999995,0.09461496,1.0011067535902562,2719.29053179474,2807.5936547372885,-0.060990897499999995,0.11154102500000007,5,0,b[5],pop,other,45
eth,cmpr_cond,sd,0.1128392610345,0.114077,0.04394286987602301,0.041603979900000004,0.03635486,0.1842198,1.0093040421669794,511.8129227439035,728.1502086330073,0.022661715000000002,0.20086395,1,1,sd_1[1],cmpr,Intercept,45
eth,cmpr_cond,sd,0.065207809817025,0.06414195,0.031849180539634335,0.030187144470000003,0.013186885,0.11949979999999996,1.001238977069913,963.2758809977636,1259.22451706137,0.006711215750000001,0.13521597500000002,2,1,sd_1[2],cmpr,asian,45
eth,cmpr_cond,sd,0.04321497802285,0.041296650000000004,0.026926074684121445,0.02925740601,0.005201682000000001,0.09194952999999999,1.004790416381777,768.6794431016305,1190.3246096708704,0.0027007285,0.10228427500000001,3,1,sd_1[3],cmpr,black,45
eth,cmpr_cond,sd,0.08970546953405,0.08713109999999999,0.05535621722950804,0.05959177265999998,0.009945981000000001,0.18556354999999997,1.002651904087734,645.2508661203163,1426.462793001467,0.00468834,0.20997405,4,1,sd_1[4],cmpr,nativ,45
eth,cmpr_cond,sd,0.082986327072575,0.07932175,0.05006429321542486,0.05354187509999998,0.007906428,0.1693652,1.0043758002023633,774.5873133345725,1301.0556547914057,0.003826288000000001,0.18876092500000005,5,1,sd_1[5],cmpr,other,45
eth,cmpr_cond,sd,0.18384734015,0.1749815,0.06571472128043798,0.058353653400000004,0.09214573000000001,0.30345944999999996,1.0026615270767651,1389.4979626248685,1650.0104800215097,0.08028393250000002,0.334475725,1,2,sd_2[1],cond,Intercept,45
eth,cmpr_cond,sd,0.0417559919638,0.036521849999999995,0.0312534472617441,0.028415140949999997,0.0038283625,0.09941575499999998,1.001735083475545,1737.540177045016,1622.5263824739448,0.0019303957500000004,0.11583555,2,2,sd_2[2],cond,asian,45
eth,cmpr_cond,sd,0.0266732588975175,0.02146,0.022202220582884114,0.019442371619999996,0.0019422715,0.06816509999999999,1.0007644620225082,2030.9291151663372,2164.481957562845,8.222261000000002e-4,0.08284876750000002,3,2,sd_2[3],cond,black,45
eth,cmpr_cond,sd,0.05248468798859,0.0408434,0.04729984365598632,0.037752259229999995,0.0035471905000000015,0.13969079999999987,1.0024509640288446,2525.1105634137916,2246.0020746509313,0.0017001767500000001,0.1715953,4,2,sd_2[4],cond,nativ,45
eth,cmpr_cond,sd,0.05532647895545,0.045413300000000004,0.04541737220635024,0.039125962259999994,0.003644526500000001,0.14352825,1.0000847067629641,2033.0038181769403,2201.0249648516933,0.001844386,0.17149967500000002,5,2,sd_2[5],cond,other,45
eth,cmpr_cond,sd,0.1264364294,0.12429,0.025075734733947128,0.02564897999999999,0.08950026,0.17133055,1.003840176416369,679.0244043636793,1203.459607918746,0.08559670500000001,0.18078447500000003,1,3,sd_3[1],nct_id,Intercept,45
eth,cmpr_cond,sd,0.096123861225,0.0935636,0.02494216831684157,0.0243791331,0.060355985,0.14150315,1.0018693773698888,1451.905268371992,2204.190536183667,0.05511723,0.151254025,2,3,sd_3[2],nct_id,asian,45
eth,cmpr_cond,sd,0.09115390667500001,0.09058150000000001,0.01865352861269441,0.018062738190000014,0.06124171,0.12348559999999997,1.0014678553604286,1657.5226483316142,2128.132074394975,0.057067360000000004,0.130002575,3,3,sd_3[3],nct_id,black,45
eth,cmpr_cond,sd,0.09848925124725,0.1013615,0.045262402868002774,0.044618476350000005,0.018252870000000004,0.16868859999999994,1.005274875424822,791.3897765248227,1227.349657291837,0.010212175,0.1864761,4,3,sd_3[4],nct_id,nativ,45
eth,cmpr_cond,sd,0.122205648825,0.12270149999999999,0.03770373182847909,0.03652377686999998,0.058927715,0.1827602499999999,1.005165964840757,1120.1744779101425,1275.9410414392041,0.0467977425,0.19502962500000004,5,3,sd_3[5],nct_id,other,45
asc,cond,b,0.19520057102775001,0.196684,0.07684136184739358,0.0714368571,0.06383877500000001,0.31795224999999994,1.0010960399468265,1828.7007244337135,1709.8388712909386,0.036702912500000004,0.3440917500000001,1,0,b[1],pop,Intercept,31
asc,cond,b,0.0228705079645,0.0226755,0.008912036798992133,0.00849789255,0.008980047500000001,0.03741629,1.001088774552305,1726.1736593985408,2171.7040829652883,0.006236143750000001,0.041510870000000005,2,0,b[2],pop,age10,31
asc,cond,b,-0.031785003548025,-0.0319883,0.013975486253615084,0.013393437749999997,-0.054196615,-0.008788803500000001,1.0008086536029954,2028.4866495908996,2774.8530670954997,-0.0586860175,-0.002797503749999986,3,0,b[3],pop,como_ct,31
asc,cond,b,-0.04997693684218,-0.0513433,0.022882847674499066,0.019551194460000004,-0.08464723,-0.011970230000000033,1.0022086286131013,2783.0608501251218,2389.8674823492515,-0.0921514025,-4.2413962499998755e-4,4,0,b[4],pop,male,31
asc,cond,sd,0.13754683509955,0.126317,0.0899875240903524,0.08887519829999997,0.01599126,0.30392614999999973,1.006427985892193,647.8121163721099,1310.330309107723,0.00894944625,0.34634227500000003,1,1,sd_1[1],cond,Intercept,31
asc,cond,sd,0.01480642224845,0.0136379,0.009648633211319452,0.009379668899999999,0.001599717,0.03178140499999999,1.0050257090497048,797.092383845819,1363.9272585348413,8.058063500000001e-4,0.03715494750000001,2,1,sd_1[2],cond,age10,31
asc,cond,sd,0.018687318284025,0.01551335,0.01495595309540069,0.013389160448999998,0.0014103085000000003,0.046882105,1.0020507422130993,1013.028920973385,1648.0889981737657,6.65126525e-4,0.0564180875,3,1,sd_1[3],cond,como_ct,31
asc,cond,sd,0.04133107452695,0.0366577,0.02663735584613941,0.02211468398999999,0.0079935205,0.09132479499999999,1.0029187099742987,1262.8096831976454,1537.7246166167506,0.004073947,0.10489247500000001,4,1,sd_1[4],cond,male,31
asc,cond,sd,0.2547282645,0.251258,0.0436145278686224,0.04323335729999998,0.1905315,0.33068654999999997,1.0053108970763693,1027.699974324188,1909.0295404516335,0.180826925,0.34833252500000006,1,2,sd_2[1],nct_id,Intercept,31
asc,cond,sd,0.031174070325,0.0308212,0.005058308529215184,0.004978126019999999,0.023597665,0.0401227,1.0038457916179424,1596.0353392073248,3000.9339811413492,0.022489317499999998,0.0419130475,2,2,sd_2[2],nct_id,age10,31
asc,cond,sd,0.061893360975,0.06095035,0.008852567592363183,0.008541851640000004,0.049096270000000004,0.07779391,1.000667982336558,1784.5171471375304,2898.9241688681136,0.047428835,0.08177537000000003,3,2,sd_2[3],nct_id,como_ct,31
asc,cond,sd,0.05801792865,0.056793449999999995,0.01156037891302843,0.010940994960000004,0.04145843,0.078785625,1.0031387119238173,1981.7992480193464,2548.0396415383325,0.038943735,0.08371226250000002,4,2,sd_2[4],nct_id,male,31
asc,cmpr_cond,b,0.20069009597955,0.202822,0.07768127863117416,0.0722685957,0.07428223500000002,0.32509009999999994,1.0005643357179088,2937.736763761873,2678.6685641381314,0.04277026,0.349554425,1,0,b[1],pop,Intercept,31
asc,cmpr_cond,b,0.019244539192955,0.019184100000000003,0.009855694844000456,0.0094619532,0.003276181000000001,0.03554994499999999,0.9996683051872147,2893.2229100137256,2715.463829541546,-2.592300499999994e-4,0.03936361,2,0,b[2],pop,age10,31
asc,cmpr_cond,b,-0.02358553621909325,-0.02473745,0.021502959838625463,0.01990264479,-0.05755455,0.013234734999999973,0.9997387392339276,3023.535165327432,2772.3220104203556,-0.06418082500000001,0.021205120000000015,3,0,b[3],pop,como_ct,31
asc,cmpr_cond,b,-0.049753885160525,-0.0503745,0.023917359820977462,0.020358618420000002,-0.08580731999999999,-0.009579442000000002,1.0004854307551347,3696.314165756421,2698.954744649897,-0.09556481999999998,1.8056192500001943e-4,4,0,b[4],pop,male,31
asc,cmpr_cond,sd,0.123015863782825,0.11761,0.07656111164399268,0.07965216609,0.012377520000000001,0.25972154999999997,1.0029282547562723,828.2393402428136,1580.526159560159,0.006837290750000001,0.29136120000000004,1,1,sd_1[1],cmpr,Intercept,31
asc,cmpr_cond,sd,0.022203190591225,0.02244385,0.009345198853877234,0.008885221799999999,0.0054070665,0.037249945,1.001065196967778,651.4238732914037,707.298480879851,0.0031406200000000002,0.0402503625,2,1,sd_1[2],cmpr,age10,31
asc,cmpr_cond,sd,0.05784862619125,0.05856555,0.02032968612464733,0.017818553969999998,0.0212853,0.09021242499999996,1.0004966610886654,604.7695154090246,628.2039661934834,0.012543982500000002,0.0986660275,3,1,sd_1[3],cmpr,como_ct,31
asc,cmpr_cond,sd,0.0237439083002,0.0217159,0.015889717873644533,0.01614803442,0.0024783185000000004,0.05349822499999999,1.0026015679815778,1797.1641583206283,1647.5416288805584,0.0011526000000000002,0.06049415250000001,4,1,sd_1[4],cmpr,male,31
asc,cmpr_cond,sd,0.1310055612990375,0.119343,0.08651111692281713,0.08440723493999999,0.01563329,0.28943304999999997,1.002001035636044,1317.3724819065565,1929.9000081199042,0.007158814500000001,0.330568225,1,2,sd_2[1],cond,Intercept,31
asc,cmpr_cond,sd,0.012071445397735,0.010238299999999999,0.009344748429465437,0.008751039087,9.839455000000001e-4,0.02942792999999999,1.004594319712439,1533.8523498990621,2478.7139408320822,4.976506750000001e-4,0.034722095,2,2,sd_2[2],cond,age10,31
asc,cmpr_cond,sd,0.03151177563006,0.02948605,0.018067931591452112,0.0161321706,0.005376875000000001,0.06341685499999998,1.001080159559863,1048.8737093576876,1266.9542158568318,0.0032445435000000005,0.07196988500000003,3,2,sd_2[3],cond,como_ct,31
asc,cmpr_cond,sd,0.03784395492765,0.03379635,0.025555261804099748,0.021988218210000004,0.005780139,0.083613685,1.0005858789593338,1735.1076532024006,1430.9028022116368,0.003202263750000001,0.10272097500000002,4,2,sd_2[4],cond,male,31
asc,cmpr_cond,sd,0.228881557,0.2248285,0.04704023267108368,0.044568438600000024,0.15689084999999997,0.3114393,1.0015402338890353,1342.2985921402849,2125.9760797949875,0.1449202,0.3307165500000001,1,3,sd_3[1],nct_id,Intercept,31
asc,cmpr_cond,sd,0.024128631135,0.02358795,0.006129404080420342,0.005982068609999999,0.014954974999999999,0.034929285,1.0041376829768662,961.807271078159,1964.7587826361976,0.013763065,0.038204022500000004,2,3,sd_3[2],nct_id,age10,31
asc,cmpr_cond,sd,0.034641717165,0.0321719,0.012655351734491766,0.011492373899999997,0.01843222,0.05944738499999999,1.0016840890688383,555.581933376778,771.4524086249627,0.016699715,0.06456475750000001,3,3,sd_3[3],nct_id,como_ct,31
asc,cmpr_cond,sd,0.055221753675,0.054090200000000005,0.01157605873905856,0.01116316257,0.03847583,0.07607910999999998,1.0018626721182138,2587.8206142617955,3104.277784057928,0.0361329,0.08090925500000001,4,3,sd_3[4],nct_id,male,31
as_int,cond,b,0.245728121063975,0.2458055,0.08709106686640201,0.08057337960000001,0.10514605,0.38783385,1.0003113158313262,1273.9579266315527,2123.8068337040786,0.07001996499999999,0.418748675,1,0,b[1],pop,Intercept,52
as_int,cond,b,0.0044913350245325,0.004768615,0.01351911512891957,0.012398635389,-0.018069699999999998,0.025951229999999985,1.0008164120237102,1630.76613399273,2114.874079262819,-0.023789232499999997,0.031950755000000004,2,0,b[2],pop,age10,52
as_int,cond,b,-0.00132808261557025,-0.0013822449999999998,0.00818601435949517,0.007460376482999999,-0.014468914999999999,0.011409299999999985,1.0012054895812148,2120.8196855541187,2307.9084738759857,-0.0175985375,0.014401722500000002,3,0,b[3],pop,age10:male,52
as_int,cond,b,-0.016751937968025,-0.016156999999999998,0.04486510089806629,0.03918608169,-0.08835648499999998,0.053727644999999984,1.000809496867336,2600.2639033866785,2063.9076420086867,-0.1054784,0.0727655925,4,0,b[4],pop,male,52
as_int,cond,sd,0.259347305175,0.246838,0.08223957449575046,0.0712656168,0.1476259,0.40907384999999985,1.002080635366674,1132.1399892858788,1731.8643036825636,0.12825607500000002,0.44725210000000004,1,1,sd_1[1],cond,Intercept,52
as_int,cond,sd,0.039915840575,0.0390038,0.013190728988220126,0.01183685601,0.02021516,0.06290115499999999,1.0042784526191681,990.2490368059458,727.6265127511502,0.0162019975,0.06883194,2,1,sd_1[2],cond,age10,52
as_int,cond,sd,0.0133059963955825,0.011944300000000001,0.009393870959402105,0.008973784910999998,0.0012616860000000004,0.03018952999999999,1.0080399363574297,728.3309788029017,1948.778572070265,5.8874505e-4,0.03598487250000001,3,1,sd_1[3],cond,age10:male,52
as_int,cond,sd,0.07767727892005,0.0669047,0.05824130199373442,0.05524367750999999,0.0071703535000000014,0.1854493499999997,1.0058048608378403,789.5243378424993,1754.0233855105535,0.00330465975,0.21838490000000002,4,1,sd_1[4],cond,male,52
as_int,cond,sd,0.190444666,0.18778050000000002,0.028456490819985008,0.027293924700000034,0.14847390000000002,0.2393157,1.0019225791100692,1406.1437278168955,2262.799003798902,0.1418309,0.25224167500000005,1,2,sd_2[1],nct_id,Intercept,52
as_int,cond,sd,0.026274729625,0.0257947,0.004959251006222163,0.004725120330000001,0.018846665,0.035130404999999996,1.0032591183687012,1188.1429246990049,1617.6147419102936,0.017756585000000002,0.037528255,2,2,sd_2[2],nct_id,age10,52
as_int,cond,sd,0.0278881537,0.02760955,0.00567647044489701,0.0056171266199999985,0.019111165,0.03770858,1.0015381830059127,1610.709061687025,2643.8707211053434,0.017508755,0.03957026,3,2,sd_2[3],nct_id,age10:male,52
as_int,cond,sd,0.1402067819,0.139312,0.03217946675081719,0.032041209900000006,0.09069986499999999,0.19430244999999993,1.0026056968839736,1541.3614307978823,1938.8787173598887,0.0812932875,0.20635665000000003,4,2,sd_2[4],nct_id,male,52
as_int,cmpr_cond,b,0.2427400269825,0.2424075,0.08221786957428726,0.07501881869999999,0.10615615,0.37685555,1.0007576468211186,1731.6159158211312,1944.2090768973553,0.08030511,0.403605325,1,0,b[1],pop,Intercept,52
as_int,cmpr_cond,b,0.0045258509838475,0.00454458,0.01301303541230389,0.012374802594,-0.016462124999999998,0.025054434999999993,1.0027135012525792,1969.442823711055,2516.251476409674,-0.0222063975,0.029874545000000006,2,0,b[2],pop,age10,52
as_int,cmpr_cond,b,-0.001338961019755,-0.00137064,0.008105700058709647,0.007535092109999999,-0.014164355,0.011738274999999998,1.0011175270898678,2307.8178451011463,2060.04492358174,-0.0169222325,0.014292772500000016,3,0,b[3],pop,age10:male,52
as_int,cmpr_cond,b,-0.01850784946021,-0.0197187,0.04568827891235267,0.040044195744,-0.08971967999999998,0.05640504999999996,1.0008114209776124,2290.939389713248,2061.4296704167914,-0.10844954999999999,0.07536645500000001,4,0,b[4],pop,male,52
as_int,cmpr_cond,sd,0.108470162661325,0.1095685,0.053482261466840646,0.05319346410000001,0.0161268,0.1970182,1.0045020167504806,568.87795637951,763.7646314676938,0.00763180375,0.2132105750000001,1,1,sd_1[1],cmpr,Intercept,52
as_int,cmpr_cond,sd,0.007746688581225,0.00670659,0.005671713381249185,0.005756053652999999,6.589158999999999e-4,0.018585784999999994,1.0033039304306843,1115.7031740162106,2053.5898140090426,3.4532325e-4,0.020926137500000004,2,1,sd_1[2],cmpr,age10,52
as_int,cmpr_cond,sd,0.0066133040114085,0.005404285,0.005210004213006844,0.004809999179999999,4.6704675e-4,0.016663579999999997,1.007626641991372,1681.2209096975241,1830.3702069740991,2.5372552499999996e-4,0.019107045000000007,3,1,sd_1[3],cmpr,age10:male,52
as_int,cmpr_cond,sd,0.0392745270971175,0.03248875,0.030719348176280272,0.029594326860000002,0.002615903000000001,0.09894930499999996,1.0033686574531913,1438.1974358792636,2194.253158968545,0.0013442755,0.11281179999999999,4,1,sd_1[4],cmpr,male,52
as_int,cmpr_cond,sd,0.222398706611275,0.21588249999999998,0.08710725989475716,0.07692470099999997,0.091814825,0.37701869999999993,1.0111201049910918,767.9842231319818,719.9914580430751,0.05851474500000001,0.41508525000000007,1,2,sd_2[1],cond,Intercept,52
as_int,cmpr_cond,sd,0.038672279027,0.0379653,0.014156141072789454,0.012081855659999998,0.016559970000000004,0.06279676499999999,1.0095392562711116,405.2711423936069,224.26904427835686,0.010581965,0.069685755,2,2,sd_2[2],cond,age10,52
as_int,cmpr_cond,sd,0.0125170768833675,0.011065950000000001,0.009109552870730942,0.008982910314000002,0.001014051,0.02901043499999998,1.0030922949696743,1088.4101048574826,1825.4319573792702,4.813950000000001e-4,0.03413547750000001,3,2,sd_2[3],cond,age10:male,52
as_int,cmpr_cond,sd,0.0761127711013,0.06435479999999999,0.05801764019818155,0.05541261977999998,0.006231410000000001,0.18589764999999991,1.0009909099768965,1164.4203796384616,1957.780112343929,0.0030088982500000006,0.21523290000000003,4,2,sd_2[4],cond,male,52
as_int,cmpr_cond,sd,0.1751082583,0.17226750000000002,0.033178150623790426,0.03262906080000002,0.12637150000000003,0.23378649999999995,1.0026180026921725,919.2292084306451,1875.934122948769,0.118411525,0.24739287499999998,1,3,sd_3[1],nct_id,Intercept,52
as_int,cmpr_cond,sd,0.026439019775,0.0259694,0.005331815265698291,0.00500147697,0.018664995,0.03615009999999999,1.0050917044252416,706.1563932813106,677.6150859766831,0.01722247,0.03870269750000001,2,3,sd_3[2],nct_id,age10,52
as_int,cmpr_cond,sd,0.0271185659525,0.0269537,0.005704999982304979,0.00565011447,0.01808732,0.036871154999999996,1.0016224464978547,1546.7675960488095,2356.407528324708,0.0166891875,0.03888381750000001,3,3,sd_3[3],nct_id,age10:male,52
as_int,cmpr_cond,sd,0.135430347325,0.134316,0.03169835693736665,0.031720227,0.08627528,0.189467,1.0031761081518713,1607.5592991238364,1942.2461553053186,0.0777658725,0.20010637500000003,4,3,sd_3[4],nct_id,male,52
asc_int,cond,b,0.1966742280695,0.197124,0.08582759461411882,0.08328653759999997,0.05860176000000001,0.33524134999999994,1.0011673543664423,1506.8127397623196,1881.9682759714747,0.026874815,0.358275475,1,0,b[1],pop,Intercept,31
asc_int,cond,b,0.018701508800025,0.0184916,0.012580813280284913,0.012069698339999999,-0.0014721904999999995,0.039760509999999985,1.0016155294379672,1845.2540112696086,2724.2226450858357,-0.0055336,0.04437524749999999,2,0,b[2],pop,age10,31
asc_int,cond,b,-0.0015914718692765,-0.0015738599999999998,0.0052436267169286895,0.004901638686,-0.010252695,0.006830061499999999,1.0007666361837493,2524.8479502095024,2923.220533878528,-0.01232744,0.00869573725,3,0,b[3],pop,age10:como_ct,31
asc_int,cond,b,-0.00209987224401,-0.0031476150000000003,0.0164377882943208,0.014838854142,-0.02734714,0.025166419999999995,1.001052383518091,2583.818592175504,2567.243146301222,-0.0325463,0.03242257500000001,4,0,b[4],pop,age10:male,31
asc_int,cond,b,0.008097646694425,0.008240919999999999,0.009039721502786983,0.008023505028000002,-0.0065669349999999994,0.022336724999999984,1.0012929858280026,2816.238273320542,2384.760959869385,-0.0108608175,0.026203825000000007,5,0,b[5],pop,age10:male:como_ct,31
asc_int,cond,b,-0.0277552076387575,-0.0276859,0.03507812891188185,0.03348363144,-0.08602152,0.03018761999999999,0.9999709242541641,2535.916102618953,3168.6627412768144,-0.0979449975,0.0413144775,6,0,b[6],pop,como_ct,31
asc_int,cond,b,-0.031578067757825,-0.02752555,0.09085226549908476,0.07935534957,-0.1831744,0.10712889999999997,1.0026456130065136,2157.577432061152,2229.6920491041064,-0.225001125,0.13494267500000004,7,0,b[7],pop,male,31
asc_int,cond,b,-0.0444065666852125,-0.044664300000000004,0.05556920409313367,0.047579525069999996,-0.1294267,0.043902969999999944,1.000809629439309,2873.483521568216,2401.333124608426,-0.14726430000000001,0.0680661875,8,0,b[8],pop,male:como_ct,31
asc_int,cond,sd,0.115399718930125,0.09719939999999999,0.08989790801872913,0.08764805028,0.008749133499999999,0.28808625000000004,1.0037558032988834,826.5520012945993,1455.8837422711913,0.004094780750000001,0.34035352500000005,1,1,sd_1[1],cond,Intercept,31
asc_int,cond,sd,0.0161954328526175,0.013568400000000001,0.01256942733071771,0.011192940591,0.0014892395,0.03922689999999999,1.0005794868833615,1418.1181358632273,2318.4346619389135,7.722016e-4,0.046608295,2,1,sd_1[2],cond,age10,31
asc_int,cond,sd,0.005242001619845,0.00417516,0.00440916487068816,0.0037694511959999997,3.925186e-4,0.013923249999999996,1.0007276383227937,2193.549921462506,2490.5770271298256,2.3946305e-4,0.016056355000000005,3,1,sd_1[3],cond,age10:como_ct,31
asc_int,cond,sd,0.022542692782575,0.017501549999999998,0.020153660804603363,0.015714485115,0.0016014140000000002,0.05978960499999995,0.9999886713719149,1853.6494654293447,2279.241950645686,8.420031500000001e-4,0.07460544750000002,4,1,sd_1[4],cond,age10:male,31
asc_int,cond,sd,0.0106138504014525,0.00784536,0.009929397873983992,0.007489012901999999,6.587905500000001e-4,0.029488489999999992,1.0010948493707925,2340.5231947648313,2239.785084599642,2.9885525000000003e-4,0.03513918,5,1,sd_1[5],cond,age10:male:como_ct,31
asc_int,cond,sd,0.036728810750135,0.02941715,0.0303268503899149,0.0269210508,0.003104183,0.0957596599999999,0.9997033749118496,3002.6119291509153,2651.631370849828,0.0015427219999999998,0.11751719999999999,6,1,sd_1[6],cond,como_ct,31
asc_int,cond,sd,0.11847082131725,0.09177495,0.1033308847896275,0.08312552723999998,0.009326754,0.31806254999999994,1.0012013837799543,1926.9199920863641,2583.9737085306137,0.004503948000000001,0.38914617500000004,7,1,sd_1[7],cond,male,31
asc_int,cond,sd,0.0675026597495,0.05102345,0.06431742025997536,0.046099148969999997,0.004749271500000001,0.18315295,1.001364622234604,2264.772516394961,2346.0657673954456,0.0023266057500000003,0.22694530000000004,8,1,sd_1[8],cond,male:como_ct,31
asc_int,cond,sd,0.33964148975,0.33414900000000003,0.05199046681264022,0.05127794489999998,0.26313945,0.4307492999999999,1.0009346261178251,1738.0651323350694,2447.6600533493074,0.2519904,0.44962257500000014,1,2,sd_2[1],nct_id,Intercept,31
asc_int,cond,sd,0.048837807825,0.04827555,0.008169708223728462,0.008026870529999999,0.03669593000000001,0.06342518,1.0008742604957588,1952.9410491765107,2630.3774215793765,0.03522219,0.06661059500000001,2,2,sd_2[2],nct_id,age10,31
asc_int,cond,sd,0.01893108513,0.018657550000000002,0.00399250014437909,0.0038700307800000017,0.01290847,0.025954835000000002,1.0013461672908985,2728.943544559644,3267.9615548989896,0.012181272500000001,0.027559635000000002,3,2,sd_2[3],nct_id,age10:como_ct,31
asc_int,cond,sd,0.045847634875,0.04513685,0.010233422598952338,0.010006956959999997,0.03047637,0.06357377,1.0015523854861466,2877.453008933168,3113.2947978810416,0.0277924775,0.0675106025,4,2,sd_2[4],nct_id,age10:male,31
asc_int,cond,sd,0.0243805158825,0.023919549999999998,0.006248774908220368,0.0060286222500000024,0.014918725,0.03528760999999999,1.0005126296543114,3331.3443148762885,2811.4135164749023,0.0133616175,0.037854082500000004,5,2,sd_2[5],nct_id,age10:male:como_ct,31
asc_int,cond,sd,0.1318658606,0.130067,0.02463201596750261,0.023569633499999992,0.09504118499999999,0.17590094999999997,1.0007758142542804,3432.4045370451117,3000.971519631157,0.0885325025,0.185954175,6,2,sd_2[6],nct_id,como_ct,31
asc_int,cond,sd,0.227850388425,0.2260005,0.05898771337954126,0.056315819699999985,0.13486605000000002,0.32895455,1.0020275132567533,2864.915850077675,2630.8634664182273,0.117659375,0.35044247500000003,7,2,sd_2[7],nct_id,male,31
asc_int,cond,sd,0.14365210245,0.1416435,0.03819170948763378,0.036213987600000004,0.08529816999999999,0.20972719999999992,1.000724961819553,3022.5781845256083,2805.3294036086168,0.0741105675,0.22617085000000003,8,2,sd_2[8],nct_id,male:como_ct,31
asc_int,cmpr_cond,b,0.198623019652625,0.1979425,0.09595505916039947,0.09087670829999998,0.041669700000000004,0.3575911,1.0061659181429659,1196.9470897035537,2046.2784812140737,0.006133328499999999,0.38828905,1,0,b[1],pop,Intercept,31
asc_int,cmpr_cond,b,0.01789610769257,0.0180866,0.013222942731841228,0.012354935753999999,-0.0041285935,0.039542605,1.0030991019052726,1499.282004278923,2232.2335368761774,-0.00795446025,0.0440800075,2,0,b[2],pop,age10,31
asc_int,cmpr_cond,b,-0.00189609369033,-0.0018907099999999999,0.005648987608712875,0.0053911190759999995,-0.01093316,0.007249066999999997,1.0022541427914593,1826.4779556080462,2532.236479467852,-0.0127628975,0.00908950275,3,0,b[3],pop,age10:como_ct,31
asc_int,cmpr_cond,b,-0.002116406355775,-0.0026138949999999998,0.017894575512159845,0.016023911148,-0.03033854,0.027713189999999985,1.0018176372895835,1778.2536468103112,2080.255129299187,-0.0365177425,0.03467430500000001,4,0,b[4],pop,age10:male,31
asc_int,cmpr_cond,b,0.0085879263104175,0.00859881,0.009367830094621292,0.008566366430999998,-0.006736390000000001,0.023320584999999984,1.0009867571643847,2055.960138100636,2456.921450918696,-0.010191295,0.026604410000000002,5,0,b[5],pop,age10:male:como_ct,31
asc_int,cmpr_cond,b,-0.024452245077325,-0.02499765,0.03746012108808588,0.034344636564,-0.08436052999999999,0.037163734999999955,1.0039896629140077,1709.716649917375,2335.336031527803,-0.0960693525,0.05322542250000002,6,0,b[6],pop,como_ct,31
asc_int,cmpr_cond,b,-0.03329109258145,-0.0288584,0.09687524990872894,0.08370893033999999,-0.19029315000000002,0.1110726,1.0004812026911185,1928.7712292797883,1687.270782741492,-0.23320734999999998,0.14673165000000002,7,0,b[7],pop,male,31
asc_int,cmpr_cond,b,-0.04901759671309,-0.048985799999999996,0.06084060129784875,0.05198610879,-0.14677105000000001,0.048148634999999954,1.0008616107314448,1676.1609283668467,1781.4119791896503,-0.1739528,0.076438175,8,0,b[8],pop,male:como_ct,31
asc_int,cmpr_cond,sd,0.0976858167728,0.08522415,0.0706812016408445,0.07142106741,0.007403128500000001,0.22890524999999998,1.0071167722179482,785.5531993153049,1415.557341167516,0.0033966952500000002,0.26104685,1,1,sd_1[1],cmpr,Intercept,31
asc_int,cmpr_cond,sd,0.016623671319305,0.01503,0.0116365550697544,0.011864224806000002,0.0015288635,0.03833916,1.0107410174015297,883.7061148154429,1380.71091180396,7.684696749999999e-4,0.0436089625,2,1,sd_1[2],cmpr,age10,31
asc_int,cmpr_cond,sd,0.0053999994063915,0.004378180000000001,0.004386083098210892,0.0040087947270000006,3.4574500000000006e-4,0.013732374999999991,1.003560413618872,1386.3397115016487,1419.9276086386903,1.5427577500000002e-4,0.016314325000000005,3,1,sd_1[3],cmpr,age10:como_ct,31
asc_int,cmpr_cond,sd,0.011915235064250001,0.00990185,0.00948439365290973,0.00869945202,9.682772000000001e-4,0.03021491499999998,1.0026684692424337,2023.8181475680376,2001.093350400988,5.78728375e-4,0.03520675500000001,4,1,sd_1[4],cmpr,age10:male,31
asc_int,cmpr_cond,sd,0.00691842187783875,0.005568615,0.005700262039284323,0.005066407437,4.9112145e-4,0.01803020999999999,1.0024884671846714,2194.411917616585,1608.3487598122927,2.073546e-4,0.021319875000000002,5,1,sd_1[5],cmpr,age10:male:como_ct,31
asc_int,cmpr_cond,sd,0.0331021114141225,0.0268302,0.02639516111275231,0.023606327849999997,0.0025686985,0.08334710999999997,1.0027052953910358,1808.343207957844,2093.049929181979,0.0016076889999999998,0.09869498750000001,6,1,sd_1[6],cmpr,como_ct,31
asc_int,cmpr_cond,sd,0.060346433381125,0.0492721,0.04825542823675554,0.043566719909999996,0.004789336,0.1525775499999998,1.0007603898913904,3103.2936436498926,2155.1849501324496,0.0024928885000000006,0.18097005,7,1,sd_1[7],cmpr,male,31
asc_int,cmpr_cond,sd,0.0420266776534,0.03393885,0.03476266684000699,0.030559721849999995,0.003085771000000001,0.10939369999999994,1.0005645550392448,2515.9554511170463,2002.9019179500076,0.0014511372499999998,0.13130920000000001,8,1,sd_1[8],cmpr,male:como_ct,31
asc_int,cmpr_cond,sd,0.1183836635141,0.09974910000000001,0.09339909517126296,0.08573846148,0.009445094499999999,0.29648584999999994,1.0008190384045492,1007.188327553019,1936.1313404224802,0.0047685370000000015,0.35292262500000005,1,2,sd_2[1],cond,Intercept,31
asc_int,cmpr_cond,sd,0.0155502862989,0.01296255,0.012365332418149964,0.011256507065999998,0.001203709,0.039454639999999985,1.0008991038382984,1254.434438252956,1601.1135860775337,5.863823250000001e-4,0.04647431250000002,2,2,sd_2[2],cond,age10,31
asc_int,cmpr_cond,sd,0.005644537031835,0.00441336,0.004844703134206483,0.003988408977,4.2900990000000003e-4,0.015111734999999996,1.0007429618916592,2132.2311475727297,2204.3474254260905,2.29414075e-4,0.0181499525,3,2,sd_2[3],cond,age10:como_ct,31
asc_int,cmpr_cond,sd,0.0235920610175725,0.01881605,0.020290800818667173,0.016328489079,0.0019318460000000003,0.05989163999999997,1.000829577584398,1252.7808709912717,1999.2829927296193,9.33482325e-4,0.07345335,4,2,sd_2[4],cond,age10:male,31
asc_int,cmpr_cond,sd,0.0110169025693925,0.008441585000000001,0.009972282311222772,0.007683848781000001,7.930174500000002e-4,0.02937232999999999,1.0010858013427344,1945.6141399568514,2248.8236180654167,4.3225065000000013e-4,0.035697440000000004,5,2,sd_2[5],cond,age10:male:como_ct,31
asc_int,cmpr_cond,sd,0.039226255021625,0.0305009,0.03386486205790505,0.027662499060000005,0.0028737869999999996,0.10260155,1.0021319780239226,1991.2911967780103,2224.949891478997,0.0016034087500000002,0.12284870000000003,6,2,sd_2[6],cond,como_ct,31
asc_int,cmpr_cond,sd,0.1265396796138875,0.0997545,0.11044788417466068,0.08768378094,0.010049137500000003,0.33567094999999997,1.0018662811025043,1374.1111018558759,1911.7977648805354,0.0048600515,0.40819687500000007,7,2,sd_2[7],cond,male,31
asc_int,cmpr_cond,sd,0.07193495234835,0.053864800000000004,0.06834078913696533,0.049869623159999994,0.00450128,0.20137344999999998,1.0005909382585778,1805.4079945104172,2142.806788707885,0.00238461775,0.2467090500000001,8,2,sd_2[8],cond,male:como_ct,31
asc_int,cmpr_cond,sd,0.3276599505,0.32515150000000004,0.054213886552393835,0.052656021599999984,0.24382345,0.41878424999999997,1.001231494352809,1625.4891955920746,2062.3209417278144,0.229378975,0.44085645,1,3,sd_3[1],nct_id,Intercept,31
asc_int,cmpr_cond,sd,0.046992785075,0.0463451,0.008550562820497055,0.00828714096,0.034461695,0.06190262499999999,1.002296722300627,1746.594813896074,2487.7269480574673,0.0323005475,0.06576607750000002,2,3,sd_3[2],nct_id,age10,31
asc_int,cmpr_cond,sd,0.01873884676,0.018426150000000002,0.004074083502392222,0.003920809830000001,0.012598075,0.025909909999999987,1.0003070636125764,2477.277192096404,2346.8299162250105,0.01146759,0.027943502500000002,3,3,sd_3[3],nct_id,age10:como_ct,31
asc_int,cmpr_cond,sd,0.0465008703625,0.045587550000000004,0.01118366595153022,0.010549514430000002,0.029977320000000002,0.065773035,1.001194964585472,1594.866708736862,1907.5524885491507,0.026943985,0.0709103175,4,3,sd_3[4],nct_id,age10:male,31
asc_int,cmpr_cond,sd,0.0244126347775,0.023979800000000003,0.006458093959247106,0.006387189059999995,0.01446068,0.035511600000000004,1.0007063817271333,2767.8211590532123,2173.2424214672446,0.012822325,0.038158705,5,3,sd_3[5],nct_id,age10:male:como_ct,31
asc_int,cmpr_cond,sd,0.1300865846,0.127798,0.025881286253905678,0.025047785699999988,0.09260423000000001,0.17675539999999995,1.0019130915638539,2640.0855717157215,3098.4581314447164,0.0855953975,0.18872412500000008,6,3,sd_3[6],nct_id,como_ct,31
asc_int,cmpr_cond,sd,0.230537455025,0.227188,0.060736559278050266,0.059709491100000005,0.13595235,0.33491229999999994,1.001484376982442,2443.61621113955,1981.0466731329702,0.11790719999999999,0.362131025,7,3,sd_3[7],nct_id,male,31
asc_int,cmpr_cond,sd,0.14525407975,0.14289449999999998,0.03863928485962293,0.037399326300000035,0.08774045999999999,0.2130287,1.0033594280616958,3096.660209553579,2135.301440691801,0.076118805,0.22761665000000003,8,3,sd_3[8],nct_id,male:como_ct,31
asce_int,cond,b,0.1899002664615,0.19066899999999998,0.08059883025306065,0.07517968080000002,0.058121265000000005,0.31800905,1.0014480230354879,1773.6697106251688,2595.8358855047873,0.0253892975,0.34220902499999994,1,0,b[1],pop,Intercept,27
asce_int,cond,b,0.02222425370525,0.0218742,0.010015586070072436,0.009189006540000001,0.006666433,0.039407255,1.0029547396099103,1781.96131855675,2479.055384131773,0.003840697,0.04328040750000001,2,0,b[2],pop,age10,27
asce_int,cond,b,0.0031509585488025,0.00284155,0.0355650483446713,0.03131903544,-0.054974169999999996,0.060913974999999974,0.9995859879685707,2960.6569582681323,2637.4031770854554,-0.06742534500000001,0.07491833750000002,3,0,b[3],pop,asian,27
asce_int,cond,b,0.082493529300875,0.08197625,0.04519734299550516,0.039655028069999994,0.012986910000000003,0.15659649999999997,1.0025001156165336,2269.110927984021,2368.4677220561234,-0.004925427499999997,0.17739605000000003,4,0,b[4],pop,black,27
asce_int,cond,b,-0.03164462268725,-0.03180525,0.016336722855451524,0.015235345859999999,-0.05816495,-0.004602189500000017,1.0073394071109032,1827.5646605355378,2375.8364679717433,-0.06366522749999999,0.002659530500000007,5,0,b[5],pop,como_ct,27
asce_int,cond,b,-0.0360289748571,-0.0374118,0.02879570368230295,0.02507350881,-0.08054388500000001,0.011058659999999998,1.0014626842936623,1902.03189743328,2049.8697693295226,-0.09056474750000001,0.02471166250000002,6,0,b[6],pop,male,27
asce_int,cond,b,-0.028576687125325,-0.02793745,0.02912858936110142,0.024054295439999998,-0.07451719000000001,0.015626474999999983,1.001462897941109,3359.552726661714,3134.2351265029724,-0.08952645499999999,0.028751990000000015,7,0,b[7],pop,male:asian,27
asce_int,cond,b,-0.11009489816445,-0.09712715,0.10826082367482165,0.08621815671000001,-0.30047235,0.040897879999999956,0.9998014717950146,2318.6228481101552,2040.5682447367708,-0.3623819749999999,0.07781545250000005,8,0,b[8],pop,male:black,27
asce_int,cond,b,-0.105076086144625,-0.08710155,0.3949062729987846,0.28456142253,-0.7545191999999998,0.54411865,1.0016811015141909,2865.7179680394665,2396.5240863752824,-0.96330995,0.7100996250000002,9,0,b[9],pop,male:nativ,27
asce_int,cond,b,-0.00104211644015,-0.005388520000000001,0.1322631842176545,0.086024054718,-0.20123945,0.2185280999999998,1.001734774822557,2496.6608641016046,2258.868544593624,-0.28439112499999997,0.2916736500000001,10,0,b[10],pop,male:other,27
asce_int,cond,b,-0.0015010214737425,-0.003921985,0.08499789240011674,0.065336106359999993,-0.13065275,0.13786514999999994,0.9997839524378026,2334.18952603062,2503.9722007286896,-0.1719104,0.1835436000000001,11,0,b[11],pop,nativ,27
asce_int,cond,b,0.00826052386205,0.00816364,0.06713584225766303,0.06042794423399999,-0.10116014999999999,0.11815734999999998,1.0010303139431203,2332.6687816010044,2384.9472991105686,-0.129911625,0.14391525000000002,12,0,b[12],pop,other,27
asce_int,cond,sd,0.125170739135175,0.10832,0.09157585992973565,0.08452391556,0.011918415000000003,0.29443549999999996,1.0100805435934583,789.2755921663311,2074.289412189139,0.006275732250000001,0.3395689,1,1,sd_1[1],cond,Intercept,27
asce_int,cond,sd,0.0157259597114125,0.01419645,0.010795657259627927,0.010351179615,0.0016234220000000002,0.035970035,1.0044894670767075,881.735208452227,1491.1608891479937,7.847341000000001e-4,0.041488165,2,1,sd_1[2],cond,age10,27
asce_int,cond,sd,0.050071768654125,0.04100035,0.04111046284051702,0.033285185429999996,0.004480759,0.1259129,1.000184592218025,1960.3785392969169,2370.358443574545,0.0019709645,0.153806775,3,1,sd_1[3],cond,asian,27
asce_int,cond,sd,0.057454070654725,0.0443502,0.05019416864118323,0.040622646959999995,0.0039290685,0.15646939999999998,1.002723463313943,1714.042934857672,2123.3658397686654,0.002122549,0.19017810000000002,4,1,sd_1[4],cond,black,27
asce_int,cond,sd,0.02157418359597375,0.017944,0.016944616149474977,0.015551369463,0.0016836300000000002,0.05465036999999999,0.9998829253718584,1294.0499053637195,1710.2167010521496,8.203672750000002e-4,0.06367314250000003,5,1,sd_1[5],cond,como_ct,27
asce_int,cond,sd,0.0539044523477,0.047496449999999996,0.03478969730413404,0.027906905669999996,0.010527670000000003,0.11791259999999996,1.001378477917328,1688.2509370068058,1911.5913095248707,0.00604940975,0.140602625,6,1,sd_1[6],cond,male,27
asce_int,cond,sd,0.0331620878657975,0.023423600000000003,0.033810291306028036,0.022990774569,0.0017505845,0.09771347,1.003251119469034,2454.044720849367,2559.0510008867595,8.97449925e-4,0.12188750000000013,7,1,sd_1[7],cond,male:asian,27
asce_int,cond,sd,0.168053840852275,0.1403795,0.1305154925295043,0.10821653073,0.015493085,0.4069993499999999,1.0009846574638377,1419.3826355027109,1198.5910312791354,0.00731781275,0.5020013500000001,8,1,sd_1[8],cond,male:black,27
asce_int,cond,sd,0.541934020692575,0.439446,0.4420306141096036,0.380553768,0.04488475000000001,1.4183564999999998,1.0027592401264314,2110.200832503057,2059.701150464153,0.021788855000000003,1.7098162500000003,9,1,sd_1[9],cond,male:nativ,27
asce_int,cond,sd,0.197321852570525,0.13884600000000002,0.19448352837732724,0.14365459962000005,0.009761537000000002,0.5809909999999998,1.0001014709755132,1791.087597703035,2112.208700568502,0.00431802025,0.694977675,10,1,sd_1[10],cond,male:other,27
asce_int,cond,sd,0.1095908338281075,0.0760705,0.11030858112239142,0.07486299744000001,0.0069568500000000005,0.32373409999999986,1.0014335119981206,2263.106944677965,2548.403550513069,0.0032673142500000006,0.3978578,11,1,sd_1[11],cond,nativ,27
asce_int,cond,sd,0.092748578371,0.0750722,0.07719104280357664,0.06535715927999998,0.006396824000000001,0.23822844999999995,1.0011684808162993,2166.8392410419287,2131.516752644263,0.00348030925,0.28507225000000014,12,1,sd_1[12],cond,other,27
asce_int,cond,sd,0.27848179675,0.273883,0.04418629635263947,0.04220888069999997,0.21323665,0.3554500499999999,1.0011081456297737,1555.080904420937,2225.139099748733,0.201868525,0.374686075,1,2,sd_2[1],nct_id,Intercept,27
asce_int,cond,sd,0.0330378173,0.0326593,0.005366313937767746,0.005334394800000003,0.025014235,0.04243008,1.001336777366259,2114.524416971847,3122.9877438092894,0.0238123,0.0446375925,2,2,sd_2[2],nct_id,age10,27
asce_int,cond,sd,0.0662232360375,0.06289465,0.02356043185294454,0.021044765699999995,0.034404825,0.10860839999999992,1.000724547996996,2567.3619368882723,2956.451143204363,0.029562702500000003,0.12195795000000002,3,2,sd_2[3],nct_id,asian,27
asce_int,cond,sd,0.110379473575,0.107259,0.03159806254093041,0.030546156060000006,0.06532227,0.16738214999999998,1.0006328383659056,2278.3046032611946,2585.426210282562,0.05771492,0.179576475,4,2,sd_2[4],nct_id,black,27
asce_int,cond,sd,0.0645960116,0.06378235,0.009797735338219486,0.009523406970000006,0.05052831,0.08117707,0.9998895208351897,2054.0379658927786,2391.5612048043618,0.048454215,0.086707165,5,2,sd_2[5],nct_id,como_ct,27
asce_int,cond,sd,0.0641491035,0.0628937,0.013944409877763115,0.013031312699999997,0.04426913,0.08958588999999999,1.000587356717824,2163.6956384074456,3150.6212619757066,0.041413175000000003,0.09570370750000001,6,2,sd_2[6],nct_id,male,27
asce_int,cond,sd,0.0235974888417475,0.018835900000000003,0.0200933755468389,0.016932137081999997,0.0018002909999999999,0.06159170499999999,1.0015365848638431,2628.8576853333393,1981.6452553219233,0.0010238815,0.0752053325,7,2,sd_2[7],nct_id,male:asian,27
asce_int,cond,sd,0.1376583014275,0.132959,0.06085802888169523,0.057828812999999986,0.044190665000000004,0.24624364999999998,1.0014364337203976,1570.5219368657308,1345.9276147564933,0.0298463775,0.27027465,8,2,sd_2[8],nct_id,male:black,27
asce_int,cond,sd,0.115947705751275,0.06334665,0.15743096367167192,0.0668452449,0.005157139000000001,0.4063368999999998,1.0015100211094006,2184.371186936528,2072.5332549967775,0.0024787825,0.5517241,9,2,sd_2[9],nct_id,male:nativ,27
asce_int,cond,sd,0.06043735367925,0.042239399999999996,0.05900843740515599,0.04262801172,0.0035277805000000005,0.18500759999999997,0.9998041548549166,2021.543644574831,2528.9511270547237,0.0016138890000000003,0.21787742500000007,10,2,sd_2[10],nct_id,male:other,27
asce_int,cond,sd,0.11699657306,0.10539799999999999,0.056948883267500375,0.046359048749999986,0.04827295,0.2208941499999999,1.0007302789214911,3432.7402251880444,3424.7244346663692,0.040201105,0.260793775,11,2,sd_2[11],nct_id,nativ,27
asce_int,cond,sd,0.1424074712575,0.13729950000000002,0.05459871974692176,0.051839109,0.061418165000000004,0.23808924999999997,1.0005535554722216,2539.666715737326,2268.6140701280824,0.049848210000000004,0.26039270000000003,12,2,sd_2[12],nct_id,other,27
asce_int,cmpr_cond,b,0.1981069554411,0.1987805,0.08703689273760336,0.08080095869999998,0.05706345,0.33643444999999994,1.003123511251383,1853.7295166445103,1988.420203142525,0.022630552499999998,0.3675324,1,0,b[1],pop,Intercept,27
asce_int,cmpr_cond,b,0.0187637609801,0.018788850000000003,0.010839685888283414,0.010475977469999993,0.0011654610000000004,0.03624448499999999,1.0002445602921834,2327.2210004291824,2915.5030656645604,-0.0027103542499999998,0.04056589,2,0,b[2],pop,age10,27
asce_int,cmpr_cond,b,-8.810308393e-4,-0.00147087,0.04124812519681908,0.035823619019999996,-0.068005395,0.06663662999999996,1.0008451540911076,2624.5980532464955,2563.6431830870492,-0.081054675,0.08661092250000002,3,0,b[3],pop,asian,27
asce_int,cmpr_cond,b,0.07910703618395,0.07805085,0.04819863497665849,0.04401157404,0.0022469660000000013,0.1583991,1.0003626472200806,2884.895001157963,2770.413489476836,-0.012596174999999998,0.18134250000000002,4,0,b[4],pop,black,27
asce_int,cmpr_cond,b,-0.026738785005875,-0.02763575,0.020406361384055473,0.018748885469999997,-0.058112790000000004,0.007867406499999981,1.000439919212264,1899.2094453091931,1900.457714582456,-0.0645247175,0.016854112500000004,5,0,b[5],pop,como_ct,27
asce_int,cmpr_cond,b,-0.032151832297445,-0.0348277,0.04490612202663767,0.02928572367,-0.089076665,0.026796589999999957,1.0011449283971339,1745.6945925279745,1434.7075801227559,-0.105004825,0.046272252500000007,6,0,b[6],pop,male,27
asce_int,cmpr_cond,b,-0.0291300838615,-0.02928965,0.03448592454011566,0.028982005647,-0.084956725,0.027908604999999975,1.0025388806860278,2728.6761712657785,2052.6115401629854,-0.09826649,0.04512270000000001,7,0,b[7],pop,male:asian,27
asce_int,cmpr_cond,b,-0.0959955126889,-0.08843665,0.11302647504807653,0.09240193305,-0.28504175,0.06470009499999997,0.9999809022185905,2172.2338078436856,1906.1937387214607,-0.345046425,0.11256357500000003,8,0,b[8],pop,male:black,27
asce_int,cmpr_cond,b,-0.12302422539175,-0.1015295,0.4138313313830642,0.31798878929999996,-0.8227319,0.5344520499999996,1.004385281293497,2385.925302016808,2338.9862803904493,-1.04369575,0.760029625,9,0,b[9],pop,male:nativ,27
asce_int,cmpr_cond,b,0.0018281470723574998,0.00120294,0.13993496639662525,0.102269748,-0.2262921,0.2158247,1.0015462460703568,2435.240706503228,1788.121016313449,-0.302952725,0.2795807250000004,10,0,b[10],pop,male:other,27
asce_int,cmpr_cond,b,0.005627966014725,0.00133907,0.09534613374485514,0.076260674112,-0.1390365,0.1630976499999999,1.002366114972718,2418.2829959386463,2159.5458902108653,-0.182243775,0.2169824000000001,11,0,b[11],pop,nativ,27
asce_int,cmpr_cond,b,0.01107057139075,0.0143831,0.07677918071290075,0.06417953009999999,-0.1065059,0.1244666499999999,1.0015868848826206,2341.9558189904346,1867.8983353019848,-0.13593715,0.15381427500000003,12,0,b[12],pop,other,27
asce_int,cmpr_cond,sd,0.20929041544675,0.212777,0.09258375385488245,0.09056610359999998,0.04825186000000001,0.3586644499999999,1.0067343272280553,527.4688235242074,339.77641002913646,0.0232421675,0.388390675,1,1,sd_1[1],cmpr,Intercept,27
asce_int,cmpr_cond,sd,0.025117717515725,0.0260203,0.01183909046608622,0.011379696300000002,0.0041150585,0.04373941999999997,1.0104209766448813,453.73560227344166,779.9581796722268,0.001943978,0.04749993,2,1,sd_1[2],cmpr,age10,27
asce_int,cmpr_cond,sd,0.06012557258025,0.0570018,0.03513452424237558,0.03335946369000001,0.008276844,0.12199629999999996,1.0056146138714606,1369.4788874058977,1659.0103571522336,0.00468765175,0.139217175,3,1,sd_1[3],cmpr,asian,27
asce_int,cmpr_cond,sd,0.06976104002275,0.06324595,0.048096112090969124,0.05113368792,0.006030700000000002,0.15629174999999995,1.0003663281176443,860.6700003429411,1802.12101639217,0.00310945075,0.17558702500000006,4,1,sd_1[4],cmpr,black,27
asce_int,cmpr_cond,sd,0.0469009021902,0.04630255,0.02269689029936134,0.022432553429999995,0.009241513,0.085248575,1.0069443212160536,513.5437844071064,1063.8801593162023,0.00490721425,0.0941504575,5,1,sd_1[5],cmpr,como_ct,27
asce_int,cmpr_cond,sd,0.04007746484585,0.0375069,0.025558568597002486,0.025730893649999993,0.004627360500000001,0.08565035499999998,1.011320315422459,698.3601430526411,1666.127246123155,0.0022286155000000004,0.095613845,6,1,sd_1[6],cmpr,male,27
asce_int,cmpr_cond,sd,0.02832910544924,0.0219002,0.025996435568143184,0.020144412372,0.0017731105000000002,0.0769773599999999,1.0012946089111134,2310.3655113350824,1920.2293881322494,9.633827250000001e-4,0.09767821000000006,7,1,sd_1[7],cmpr,male:asian,27
asce_int,cmpr_cond,sd,0.109708423683975,0.09836545,0.0742733344908096,0.07433252316,0.011973925000000002,0.24722414999999992,0.9997538214966183,1553.5611985049225,1804.6062105797132,0.006908506500000001,0.28121035000000005,8,1,sd_1[8],cmpr,male:black,27
asce_int,cmpr_cond,sd,0.217417014047925,0.12481800000000001,0.26062265667844137,0.13816015815000002,0.0086691745,0.7499030499999997,1.0002216286514414,1816.844874674075,2330.553865859303,0.0044273915,0.9185037250000002,9,1,sd_1[9],cmpr,male:nativ,27
asce_int,cmpr_cond,sd,0.096322325866175,0.0718858,0.08704913384543912,0.07296052512,0.0050452225,0.2676553999999999,1.0014951987713563,1942.8478131907361,2232.898792024099,0.00217051975,0.3155670750000002,10,1,sd_1[10],cmpr,male:other,27
asce_int,cmpr_cond,sd,0.1021221678295,0.0889709,0.0732515953766322,0.06223702757999999,0.012103555,0.23827349999999997,1.0016293118518,2090.5140594423783,2136.572503624139,0.0065431527500000005,0.28221822500000016,11,1,sd_1[11],cmpr,nativ,27
asce_int,cmpr_cond,sd,0.117114238459525,0.1081715,0.07573893933807477,0.07795903689,0.012635845000000001,0.25204929999999987,1.00064894714762,1139.588029723991,1961.6264055364854,0.006563353500000001,0.28356052500000006,12,1,sd_1[12],cmpr,other,27
asce_int,cmpr_cond,sd,0.1078832756083,0.08551145,0.09289301842048384,0.07876579368,0.0078900365,0.27910564999999976,1.0029410475161584,1289.7442389015612,2110.1220203327616,0.0037727867500000002,0.32913147500000006,1,2,sd_2[1],cond,Intercept,27
asce_int,cmpr_cond,sd,0.0135082128715125,0.01128475,0.010656057194031402,0.009709465857,0.001188478,0.033259529999999995,1.0014642373151788,1463.6935998601557,2473.926841258859,5.94724475e-4,0.03963347500000001,2,2,sd_2[2],cond,age10,27
asce_int,cmpr_cond,sd,0.0544467191393775,0.042726299999999995,0.04693685022935504,0.038202969629999986,0.003933926000000001,0.14276884999999997,1.0016028128488008,2157.0235729078586,2430.6040728371886,0.0016332817500000004,0.1767676750000001,3,2,sd_2[3],cond,asian,27
asce_int,cmpr_cond,sd,0.056444709425825,0.043545150000000005,0.050177979303031896,0.03972782372999999,0.0047387675,0.15207314999999996,1.0005268467665434,2026.5585263543662,2301.5336895527626,0.00235590825,0.18290592500000005,4,2,sd_2[4],cond,black,27
asce_int,cmpr_cond,sd,0.0282394681513,0.02332125,0.02267729649519925,0.019315164539999995,0.0024994955,0.06953431499999999,1.002390277390494,942.5487922647391,1626.6922562893308,0.001219552,0.08336039750000003,5,2,sd_2[5],cond,como_ct,27
asce_int,cmpr_cond,sd,0.065693847666625,0.0565626,0.04829488384825698,0.03335012331,0.014349435,0.14259454999999996,1.009024751467001,935.5767476660559,1182.659718300735,0.00741646125,0.17350317500000006,6,2,sd_2[6],cond,male,27
asce_int,cmpr_cond,sd,0.0384666291454,0.02714775,0.038756874393428786,0.026065701794999997,0.0024304925000000004,0.1131133,1.0004961127436327,2068.795253612643,2403.1752174770527,0.0012935647500000003,0.14266910000000005,7,2,sd_2[7],cond,male:asian,27
asce_int,cmpr_cond,sd,0.1571147834445,0.1260225,0.1393359871602738,0.10520966967,0.012561680000000002,0.4149233999999998,1.0002596850762726,1732.255337852718,2409.3872030026523,0.00643110075,0.51302635,8,2,sd_2[8],cond,male:black,27
asce_int,cmpr_cond,sd,0.52450620806225,0.4176465,0.4317836750515248,0.3664890831,0.039439810000000006,1.4051004999999992,1.0010824750958742,2275.1380341694617,2249.1635630875207,0.021235630000000002,1.6114927500000005,9,2,sd_2[9],cond,male:nativ,27
asce_int,cmpr_cond,sd,0.193840347997225,0.13766,0.18971804027247016,0.13594493136000002,0.012426275,0.5606303999999994,1.0013889007545966,1776.538790725698,2407.634281144028,0.006288143500000001,0.7098414000000005,10,2,sd_2[10],cond,male:other,27
asce_int,cmpr_cond,sd,0.1161433718839,0.0809694,0.11414022814756851,0.08071281812999999,0.0067286345000000004,0.3423692999999999,1.0009369179626895,1830.1533313232978,2218.2115351354464,0.003558428500000001,0.411530125,11,2,sd_2[11],cond,nativ,27
asce_int,cmpr_cond,sd,0.0838971156358,0.06229285,0.07876779482747245,0.05943024339,0.0056113115000000005,0.23210499999999992,1.0011567150105654,1895.505817380724,2054.4301219058857,0.0030572080000000005,0.2922018,12,2,sd_2[12],cond,other,27
asce_int,cmpr_cond,sd,0.196755769,0.1914785,0.05960536173288592,0.061814783099999986,0.10898550000000001,0.30000384999999996,1.0020586600287804,674.709097455548,2092.5271202024674,0.09686602750000001,0.32142542500000004,1,3,sd_3[1],nct_id,Intercept,27
asce_int,cmpr_cond,sd,0.022691721952,0.0223766,0.008555299447172145,0.00896921109,0.0097867295,0.03743267499999999,1.0077985492285548,522.2993347630162,1397.2919547247968,0.0076909232499999996,0.03985687250000001,2,3,sd_3[2],nct_id,age10,27
asce_int,cmpr_cond,sd,0.045337786087275,0.041626250000000004,0.031570089996726364,0.03208761528,0.0045158805000000005,0.10286549999999998,1.0014833013871496,1505.0572127883497,2392.128987604466,0.0023162229999999996,0.118814375,3,3,sd_3[3],nct_id,asian,27
asce_int,cmpr_cond,sd,0.0890922542145,0.089147,0.042698265098205304,0.042396874380000005,0.014216235,0.15847325,1.0020991937546508,692.0655558652925,912.415407230222,0.007848982000000001,0.17452600000000001,4,3,sd_3[4],nct_id,black,27
asce_int,cmpr_cond,sd,0.0456077545425,0.04546555,0.014881050647063566,0.014660615969999999,0.02096517,0.070432735,1.008137390213217,595.6265054988091,1212.593524894126,0.017315555,0.07549101000000001,5,3,sd_3[5],nct_id,como_ct,27
asce_int,cmpr_cond,sd,0.050727472344,0.0518818,0.019812668002478398,0.01794501975,0.013235795,0.08137049499999997,1.0135552172864217,641.9612622158887,565.4972677623148,0.0079342685,0.08817043749999999,6,3,sd_3[6],nct_id,male,27
asce_int,cmpr_cond,sd,0.0260588627226,0.0206364,0.022872895504477547,0.018657171833999998,0.0020936255,0.07176888999999996,1.0001894371479756,2573.1711396526803,2313.782957527332,0.0010960215000000001,0.08491282250000001,7,3,sd_3[7],nct_id,male:asian,27
asce_int,cmpr_cond,sd,0.1112780706385,0.10513049999999999,0.06330917148028671,0.06240508028999999,0.017601565,0.22213859999999988,1.0020703655374943,1588.8683514581317,2310.3180212285047,0.009377887500000001,0.25180297500000004,8,3,sd_3[8],nct_id,male:black,27
asce_int,cmpr_cond,sd,0.2156834048605,0.121414,0.2588020314764757,0.13421762823000002,0.008153373,0.7274160999999999,1.001348863407186,1511.1806161842746,2131.2824834877574,0.004414455250000002,0.9601345750000001,9,3,sd_3[9],nct_id,male:nativ,27
asce_int,cmpr_cond,sd,0.065769594880525,0.0465416,0.0621978306856377,0.046000481940000004,0.0038724555000000005,0.18675645,1.0009986363403223,2160.6362418866233,1923.5149666839532,0.00174288775,0.22921690000000003,10,3,sd_3[10],nct_id,male:other,27
asce_int,cmpr_cond,sd,0.0843581188765,0.0732,0.06266397335793521,0.05673079944,0.0071685835000000015,0.20211539999999995,1.002670776924578,2028.8693333980564,2146.7450318261162,0.00391054325,0.23538982500000002,11,3,sd_3[11],nct_id,nativ,27
asce_int,cmpr_cond,sd,0.100889589943125,0.09304785,0.05774259282507615,0.055576521209999986,0.020259655,0.20460855,1.0052005406719215,1161.702864587988,1860.7792899451542,0.010692465,0.230131325,12,3,sd_3[12],nct_id,other,27
eth_33,cond,b,0.252644226625,0.2509895,0.056962988709928136,0.049246782900000015,0.16396660000000002,0.34776425,1.0029693354183884,1113.7985733891712,1438.7024943608185,0.14432640000000002,0.374889275,1,0,b[1],pop,Intercept,27
eth_33,cond,b,-0.0209378663533,-0.02157385,0.02836132757065719,0.025106170487999995,-0.06585556000000001,0.026283939999999943,1.0013438670691088,2221.5950264464204,2328.325387154806,-0.075619275,0.03790589500000002,2,0,b[2],pop,asian,27
eth_33,cond,b,0.058521505753275,0.0590798,0.033237036572960475,0.03084356562,0.006162769500000004,0.11019954999999997,1.0010058467655314,2528.691489054008,2143.2025711825113,-0.00968873675,0.122093725,3,0,b[3],pop,black,27
eth_33,cond,b,-0.00203700946585,0.0024075900000000003,0.07867050026775495,0.066535366674,-0.13261040000000002,0.11562054999999996,1.0011451472082624,2544.33722206932,2433.817308033219,-0.16790262500000003,0.14472402500000006,4,0,b[4],pop,nativ,27
eth_33,cond,b,0.017529556550425,0.015574600000000001,0.06032904525105908,0.050734942649999996,-0.07447916499999999,0.11391664999999992,1.0000765076349336,2456.1652060508736,2277.038961587202,-0.10221919999999998,0.140135575,5,0,b[5],pop,other,27
eth_33,cond,sd,0.112490694175625,0.1013545,0.07454593854792078,0.07080549188999999,0.014129975000000001,0.25104184999999996,1.0056636436068158,588.7930478031719,1454.1201283183304,0.007728213,0.2883194500000002,1,1,sd_1[1],cond,Intercept,27
eth_33,cond,sd,0.041878928036275,0.03511805,0.03335816391987358,0.02684454863999999,0.0041017335,0.10152804999999997,1.0034324837562167,1199.99168848037,1848.7787131470338,0.00196576675,0.12497560000000006,2,1,sd_1[2],cond,asian,27
eth_33,cond,sd,0.0438587970286,0.034186999999999995,0.0380328204511775,0.030510573660000002,0.0030847405000000005,0.11471974999999997,1.0009952883990463,1682.243359808037,1955.1948195820496,0.00152006725,0.14017105000000005,3,1,sd_1[3],cond,black,27
eth_33,cond,sd,0.0923419925804,0.06745609999999999,0.08924396927574793,0.06069430815,0.006556164000000001,0.2576043499999997,1.0037822052454624,1973.6180574058058,2176.9749434168343,0.0030761295000000005,0.332286525,4,1,sd_1[4],cond,nativ,27
eth_33,cond,sd,0.09392001877265,0.07853085,0.07369538753310294,0.06216867972,0.0093769535,0.22573369999999962,1.0017598068734994,1713.79638796655,2285.620821151589,0.00493774875,0.27057655,5,1,sd_1[5],cond,other,27
eth_33,cond,sd,0.157533488125,0.15477849999999999,0.026015030730447985,0.024559268999999995,0.1205718,0.20605869999999998,1.003455556235569,1135.3142107669576,2101.9699963668536,0.1146548,0.21695460000000003,1,2,sd_2[1],nct_id,Intercept,27
eth_33,cond,sd,0.063083309375,0.060836100000000004,0.017439799242807728,0.015966415919999997,0.038475435,0.09573273499999999,1.001998937054332,2440.782504419024,3010.197866556827,0.0352192925,0.10396600000000002,2,2,sd_2[2],nct_id,asian,27
eth_33,cond,sd,0.081856333225,0.07906455,0.024683297458564173,0.023143682519999997,0.046691405,0.12581524999999988,1.0024248151943238,1883.4944278051366,2597.1839312832417,0.04157996,0.138524425,3,2,sd_2[3],nct_id,black,27
eth_33,cond,sd,0.10096307012,0.0914957,0.04828664872602775,0.04044725538,0.041843160000000004,0.19084589999999993,1.0013382859263595,2927.9260646328694,2581.2664464248987,0.0352328675,0.22497327500000003,4,2,sd_2[4],nct_id,nativ,27
eth_33,cond,sd,0.10816737232,0.1052975,0.039918558747934284,0.0383674641,0.050117655,0.17820379999999997,1.002987382214159,1937.9452115165036,2214.5591606878415,0.040647467500000006,0.19459655,5,2,sd_2[5],nct_id,other,27
eth_33,cmpr_cond,b,0.266592432595,0.26293049999999996,0.07216765358642287,0.06489117810000006,0.1556454,0.3865684499999998,1.002536965176655,1485.6726997103992,1975.3386330432033,0.13127302500000002,0.41813267500000006,1,0,b[1],pop,Intercept,27
eth_33,cmpr_cond,b,-0.0209278138478375,-0.02123895,0.03176580429368071,0.027867349901999995,-0.0707125,0.03171946499999996,1.0034147676971101,2276.0633124850715,2670.140502151579,-0.083422975,0.04253594750000005,2,0,b[2],pop,asian,27
eth_33,cmpr_cond,b,0.05423138547368,0.0548192,0.036780045468385814,0.032758343520000004,-0.008101824,0.11072469999999998,1.0000959560765126,2412.3288684025383,2651.294656802974,-0.022217969999999997,0.1252138,3,0,b[3],pop,black,27
eth_33,cmpr_cond,b,0.0044978816383975,0.00649865,0.08632158606775917,0.06851947095,-0.1370811,0.13652279999999997,1.0002100977421338,2299.5858192798423,2105.2570753763207,-0.18256685,0.17633685000000007,4,0,b[4],pop,nativ,27
eth_33,cmpr_cond,b,0.021804220693075,0.0208267,0.05849690658948047,0.05176690637999999,-0.07126276000000001,0.11679909999999988,1.0002884575755793,2428.6624684701187,2542.47052703298,-0.09420784499999998,0.13811327500000006,5,0,b[5],pop,other,27
eth_33,cmpr_cond,sd,0.122804008742925,0.1255945,0.05169693178606912,0.045912934409999995,0.025960975000000004,0.20481544999999998,1.005257825085378,375.7159671039355,368.7794126254911,0.01268959,0.22156722500000006,1,1,sd_1[1],cmpr,Intercept,27
eth_33,cmpr_cond,sd,0.0557819126727775,0.0555948,0.029160450348418212,0.02626677942,0.0070070555,0.10474104999999999,1.0101675158663423,486.1788365733159,695.293800166065,0.0028694657500000003,0.11705555000000001,2,1,sd_1[2],cmpr,asian,27
eth_33,cmpr_cond,sd,0.047545971698825,0.0432564,0.03252166611314882,0.033619659989999995,0.004733464000000001,0.10590244999999998,1.000645109036272,1254.2523401492115,1864.572523886258,0.00280943725,0.12240050000000001,3,1,sd_1[3],cmpr,black,27
eth_33,cmpr_cond,sd,0.0827379133172625,0.07185515,0.06197038018845682,0.050961854580000014,0.007168342500000003,0.19593004999999988,0.9994775976936071,1715.4242008684196,1511.4410747579548,0.0038773847500000007,0.237785775,4,1,sd_1[4],cmpr,nativ,27
eth_33,cmpr_cond,sd,0.102048466536375,0.1009815,0.05299135559840128,0.0516033756,0.01623843,0.19230229999999993,1.0020746028683405,953.3624220664971,1205.9650520344094,0.00811744675,0.2138062,5,1,sd_1[5],cmpr,other,27
eth_33,cmpr_cond,sd,0.155988346453,0.1503425,0.08899172103123544,0.0860389845,0.021635130000000002,0.31653074999999975,1.0041718576905971,512.7789091819934,735.5363477355955,0.010779062500000004,0.3592200250000001,1,2,sd_2[1],cond,Intercept,27
eth_33,cmpr_cond,sd,0.03797822627405,0.029173499999999998,0.03416185854364789,0.026786282459999998,0.0027020405000000003,0.09991871999999995,1.0027778562032008,1828.3029758143575,2104.6685353150347,0.00135737125,0.12482380000000003,2,2,sd_2[2],cond,asian,27
eth_33,cmpr_cond,sd,0.0432785928796,0.0339952,0.03717714848530651,0.030344300070000003,0.0031873135000000004,0.11724974999999993,0.9998386552290489,2238.1471806681775,2382.0182840825296,0.0015516585,0.14044505000000007,3,2,sd_2[3],cond,black,27
eth_33,cmpr_cond,sd,0.099739713365225,0.07061015,0.0989537395803532,0.06775756281,0.006394864000000001,0.28718204999999974,1.0007464332290463,2061.73690296409,1936.4193136541785,0.0033420817500000007,0.3696958,4,2,sd_2[4],cond,nativ,27
eth_33,cmpr_cond,sd,0.075248061006375,0.0592994,0.06470812777249751,0.053493764730000004,0.0054108005,0.20202354999999994,1.002032306957955,2055.0146507190025,2223.5263857624686,0.0029177077500000003,0.24489915000000015,5,2,sd_2[5],cond,other,27
eth_33,cmpr_cond,sd,0.10002239475,0.0942939,0.0408400222441968,0.044346938159999995,0.04473312,0.17486949999999996,1.0043565731453101,363.5726171145647,1336.2017887166767,0.040337830000000005,0.19068385,1,3,sd_3[1],nct_id,Intercept,27
eth_33,cmpr_cond,sd,0.033767319971275,0.029083150000000002,0.02531644669353636,0.025402720139999998,0.0026158134999999996,0.08021714499999998,1.0059112076287182,649.6545325361199,1608.4344760450576,0.001269704,0.09167279249999999,2,3,sd_3[2],nct_id,asian,27
eth_33,cmpr_cond,sd,0.06811192572975,0.06734425,0.02935322796477453,0.02742120591,0.018260845,0.11706339999999997,1.0047601680460188,878.3170129599554,604.3076780737001,0.010402815000000001,0.129908875,3,3,sd_3[3],nct_id,black,27
eth_33,cmpr_cond,sd,0.07373002137675,0.06430385,0.0531599536016602,0.04866130415999999,0.008542099,0.17537294999999997,1.0008209789289682,1955.7427530514465,1903.0424447019698,0.0040544815,0.20406565000000002,4,3,sd_3[4],nct_id,nativ,27
eth_33,cmpr_cond,sd,0.061529798382775,0.0523774,0.04576776781438498,0.04775662164,0.004747836500000001,0.14786764999999996,1.0021760856068354,963.0181419414034,2090.557094672226,0.00229762825,0.167452075,5,3,sd_3[5],nct_id,other,27
